"ID","Description","setSize","enrichmentScore","NES","pvalue","p.adjust","qvalue","rank","leading_edge","core_enrichment"
"GO:0042773","ATP synthesis coupled electron transport",77,-0.550645298546812,-2.38309972902738,3.53934837861542e-09,8.35817119610031e-06,8.01941829996809e-06,2963,"tags=71%, list=32%, signal=49%","COX6B1/COX5B/NDUFAF1/NDUFV1/UQCRH/COA6/NDUFA8/NDUFS7/GHITM/NDUFS1/NDUFB3/NDUFA3/NDUFB1/NDUFA5/COX7C/NDUFA4/NDUFS6/DGUOK/CHCHD2/NDUFB7/NDUFB10/NDUFA9/NDUFB2/UQCR10/NDUFS3/NDUFV2/NDUFC2/COX7A2L/COX7A2/CYC1/NDUFB9/SDHB/COX5A/SDHC/NDUFC1/COX6A1/UQCRB/COX4I1/UQCRFS1/DNAJC15/UQCRC1/UQCRC2/NDUFS5/COX7B/SDHD/COX6C/BID/ISCU/SDHA/NDUFB6/NDUFB5/NDUFA7/CYCS/COX7A1/SNCA"
"GO:0042775","mitochondrial ATP synthesis coupled electron transport",77,-0.550645298546812,-2.38309972902738,3.53934837861542e-09,8.35817119610031e-06,8.01941829996809e-06,2963,"tags=71%, list=32%, signal=49%","COX6B1/COX5B/NDUFAF1/NDUFV1/UQCRH/COA6/NDUFA8/NDUFS7/GHITM/NDUFS1/NDUFB3/NDUFA3/NDUFB1/NDUFA5/COX7C/NDUFA4/NDUFS6/DGUOK/CHCHD2/NDUFB7/NDUFB10/NDUFA9/NDUFB2/UQCR10/NDUFS3/NDUFV2/NDUFC2/COX7A2L/COX7A2/CYC1/NDUFB9/SDHB/COX5A/SDHC/NDUFC1/COX6A1/UQCRB/COX4I1/UQCRFS1/DNAJC15/UQCRC1/UQCRC2/NDUFS5/COX7B/SDHD/COX6C/BID/ISCU/SDHA/NDUFB6/NDUFB5/NDUFA7/CYCS/COX7A1/SNCA"
"GO:0019646","aerobic electron transport chain",72,-0.518598651615807,-2.20981011870462,2.71694799060208e-07,0.000427738178653788,0.000410402143843578,2963,"tags=69%, list=32%, signal=48%","COX6B1/COX5B/NDUFAF1/NDUFV1/UQCRH/NDUFA8/NDUFS7/NDUFS1/NDUFB3/NDUFA3/NDUFB1/NDUFA5/COX7C/NDUFA4/NDUFS6/NDUFB7/NDUFB10/NDUFA9/NDUFB2/UQCR10/NDUFS3/NDUFV2/NDUFC2/COX7A2L/COX7A2/CYC1/NDUFB9/SDHB/COX5A/SDHC/NDUFC1/COX6A1/UQCRB/COX4I1/UQCRFS1/DNAJC15/UQCRC1/UQCRC2/NDUFS5/COX7B/SDHD/COX6C/ISCU/SDHA/NDUFB6/NDUFB5/NDUFA7/CYCS/COX7A1/SNCA"
"GO:0061844","antimicrobial humoral immune response mediated by antimicrobial peptide",17,-0.81315180460363,-2.51859266702363,4.77940564591632e-07,0.000564328321641569,0.000541456350149204,31,"tags=35%, list=0%, signal=35%","ROMO1/CXCL8/CXCL1/CXCL14/CXCL3/CXCL2"
"GO:0019730","antimicrobial humoral response",24,-0.735522501513447,-2.49446078840376,1.30866420179841e-06,0.00107679955150624,0.00103315735298358,74,"tags=42%, list=1%, signal=41%","CCL13/LYZ/BCL3/ROMO1/SPON2/CXCL8/CXCL1/CXCL14/CXCL3/CXCL2"
"GO:0051056","regulation of small GTPase mediated signal transduction",192,0.498431454354826,1.74670618209909,1.3679435335671e-06,0.00107679955150624,0.00103315735298358,2626,"tags=46%, list=28%, signal=34%","AUTS2/RAP1GAP2/ARHGAP23/SIPA1L1/TIAM1/KANK1/ARHGAP8/TAGAP/ADGRG1/GARNL3/ARHGAP19/MET/RACGAP1/NET1/RASA4/SRGAP3/BCL6/TRIO/STK19/SPATA13/ARHGAP32/ARHGAP31/CYTH3/DENND1A/CBL/EPHB2/TIAM2/F2RL1/OPHN1/SCAI/ARHGAP25/ABR/DENND4C/LPAR2/SIPA1L3/ARHGAP22/RABGEF1/ITPKB/ABCA1/GIT1/RALGAPA2/FLCN/EPS8L1/ARHGAP27/ARHGEF1/RALGPS1/ARHGAP26/ARHGAP35/STARD13/NOTCH1/ITGAV/VAV3/ARFGAP1/VAV2/AMOT/ARHGAP6/CYTH1/SRGAP2/ARHGAP21/SIPA1L2/RASA3/ABL2/DNMBP/DENND3/FGD2/FGD5/SWAP70/MYO9A/MYO9B/DENND4A/DOCK2/CCDC125/SOS2/SOS1/ARRB1/FGD3/ITSN1/DOCK8/OGT/PLEKHG3/PSD3/ARHGEF2/NOTCH2/MAPKAP1/IQSEC1/SYDE1/DENND4B/NF1/ABL1"
"GO:0030593","neutrophil chemotaxis",53,-0.517476931358756,-2.12538480050888,7.66017980619405e-06,0.00516843274637921,0.00495895850611509,293,"tags=21%, list=3%, signal=20%","RAC2/C5AR1/LGALS3/MDK/CXCL8/CXCL1/IL1B/ITGA1/CXCL3/CXCL2/CCL21"
"GO:0006119","oxidative phosphorylation",99,-0.422174595275299,-1.91868677720734,9.80122598392788e-06,0.00578639879026142,0.00555187866589599,2963,"tags=69%, list=32%, signal=47%","COX6B1/COX5B/NDUFAF1/NDUFV1/UQCRH/COA6/NDUFA8/NDUFS7/GHITM/ATP7A/NDUFS1/STOML2/NDUFB3/NDUFA3/NDUFB1/NDUFA5/SHMT2/VCP/COX7C/NDUFA4/TEFM/NDUFS6/DGUOK/CHCHD2/NDUFB7/NDUFB10/NDUFA9/NDUFB2/UQCR10/NDUFS3/NDUFA13/NDUFV2/NDUFC2/NDUFA11/COX7A2L/COX7A2/CYC1/NDUFB9/SDHB/CHCHD10/COX5A/C2orf69/SDHC/NDUFC1/COX6A1/UQCRB/COX4I1/UQCRFS1/DNAJC15/UQCRC1/UQCRC2/UQCC2/NDUFS5/COX7B/SDHD/COX6C/NDUFB11/BID/ISCU/NUPR1/SDHA/NDUFB6/NDUFB5/NDUFA7/CYCS/PPIF/COX7A1/SNCA"
"GO:0015986","proton motive force-driven ATP synthesis",46,-0.545967423997935,-2.13519370975075,1.2144499362806e-05,0.00637316338783695,0.00611486195986897,2747,"tags=67%, list=30%, signal=48%","NDUFA8/NDUFS7/NDUFS1/STOML2/NDUFB3/NDUFA3/NDUFB1/NDUFA5/ATP6V0C/NDUFS6/NDUFB7/NDUFB10/NDUFA9/NDUFB2/NDUFS3/NDUFA13/NDUFV2/NDUFC2/ATP6V1A/NDUFA11/NDUFB9/SDHB/SDHC/NDUFC1/NDUFS5/SDHD/NDUFB11/SDHA/NDUFB6/NDUFB5/NDUFA7"
"GO:0042776","proton motive force-driven mitochondrial ATP synthesis",43,-0.573865589279462,-2.22088756946112,1.4548969732482e-05,0.00687147840465123,0.00659298049456156,2747,"tags=67%, list=30%, signal=48%","NDUFA8/NDUFS7/NDUFS1/STOML2/NDUFB3/NDUFA3/NDUFB1/NDUFA5/NDUFS6/NDUFB7/NDUFB10/NDUFA9/NDUFB2/NDUFS3/NDUFA13/NDUFV2/NDUFC2/NDUFA11/NDUFB9/SDHB/SDHC/NDUFC1/NDUFS5/SDHD/NDUFB11/SDHA/NDUFB6/NDUFB5/NDUFA7"
"GO:1990266","neutrophil migration",64,-0.484471021148462,-2.03924083495927,1.88857967856161e-05,0.00810887438349679,0.00778022537436145,293,"tags=19%, list=3%, signal=18%","RAC2/IL1R1/C5AR1/LGALS3/MDK/CXCL8/CXCL1/IL1B/ITGA1/CXCL3/CXCL2/CCL21"
"GO:1990868","response to chemokine",33,-0.591523810302609,-2.13947981435946,2.89990046984911e-05,0.00913081994606489,0.00876075194575468,352,"tags=24%, list=4%, signal=23%","FOXC1/CXCL12/CCRL2/CXCL8/CXCL1/CXCL3/CXCL2/CCL21"
"GO:1990869","cellular response to chemokine",33,-0.591523810302609,-2.13947981435946,2.89990046984911e-05,0.00913081994606489,0.00876075194575468,352,"tags=24%, list=4%, signal=23%","FOXC1/CXCL12/CCRL2/CXCL8/CXCL1/CXCL3/CXCL2/CCL21"
"GO:0071621","granulocyte chemotaxis",64,-0.478129362936999,-2.01254745636355,2.59051380728702e-05,0.00913081994606489,0.00876075194575468,293,"tags=17%, list=3%, signal=17%","RAC2/C5AR1/LGALS3/MDK/CXCL8/CXCL1/IL1B/ITGA1/CXCL3/CXCL2/CCL21"
"GO:0097530","granulocyte migration",77,-0.446822339299736,-1.93377151955844,2.6839654530832e-05,0.00913081994606489,0.00876075194575468,293,"tags=16%, list=3%, signal=15%","RAC2/IL1R1/C5AR1/LGALS3/MDK/CXCL8/CXCL1/IL1B/ITGA1/CXCL3/CXCL2/CCL21"
"GO:0032496","response to lipopolysaccharide",189,-0.325085980907403,-1.60678477260699,3.61097799407869e-05,0.010659155666271,0.010227144910861,554,"tags=14%, list=6%, signal=13%","SOD2/CAPN2/CDK4/PTGS2/LITAF/VIM/CNP/LY86/HPGD/PDCD1LG2/ALAD/ADM/TNFAIP3/SNCA/IL10/RARA/LOXL1/TICAM1/SPON2/GBP2/THBD/CXCL8/CXCL1/IL1B/CXCL3/CXCL2"
"GO:0002181","cytoplasmic translation",142,-0.354466357805528,-1.64716607454555,5.43434138763492e-05,0.0150978790434116,0.0144859688382467,3378,"tags=72%, list=36%, signal=46%","EIF4G1/RPL15/FAU/RPL30/RPS3/RPS19/RPL13/RPSA/RPS14/RPLP1/YBX1/ETF1/RPL11/RPS27/RPL7A/NCK1/RPL36/RPS21/EIF3B/RPL29/RPS15A/RPS10/RPL37/PABPC1/RPL36A/RPS15/RPS26/RPL19/RPS23/RPS12/RPL18A/RPS7/RPL24/RPL3/RPS24/RPS18/SLBP/RPL10/RPL8/RPL39/RPL6/RPL12/EIF2S3/RPL41/RPL27A/RPL18/EIF3D/RPL26/RPL32/RPS27A/RPL35A/RPS25/EIF3E/RPL17/RPL35/EIF4A1/RPL27/RPS6/RPS9/RPL14/RPL38/RPL34/RPLP2/RPL28/EIF3M/RPL5/RPS5/RPL22/RPS2/RPL37A/MIF4GD/RPS3A/RPL21/EIF3I/RPL4/MCTS1/RPL9/EIF2D/EIF3K/RPL26L1/RPS16/EIF4A2/UBA52/RPL23/RPS17/RPS13/RPL10A/RPL23A/RPL31/RWDD1/RPS11/RPL13A/EIF3H/RPLP0/NCBP2/PAIP1/EIF3F/EIF3L/RPL7/NCBP1/FTSJ1/RPS20"
"GO:0032941","secretion by tissue",12,0.831163053847093,1.94271393389568,6.52114093856007e-05,0.0170358104271079,0.0163453567399622,70,"tags=25%, list=1%, signal=25%","AGR2/PRKCE/KCNN4"
"GO:0009060","aerobic respiration",139,-0.357994315618978,-1.66622821229053,6.85327965519903e-05,0.0170358104271079,0.0163453567399622,2756,"tags=62%, list=30%, signal=44%","COX6B1/COX5B/NDUFAF1/NDUFV1/UQCRH/NNT/COA6/DLAT/NDUFA8/NDUFS7/GHITM/ATP7A/MDH1/NDUFS1/STOML2/IREB2/NDUFB3/NDUFA3/NDUFB1/NDUFA5/SHMT2/VCP/COX7C/SUCLG2/NDUFA4/TEFM/NDUFS6/DGUOK/CHCHD2/NDUFB7/NDUFB10/NDUFA9/NDUFB2/UQCR10/NDUFS3/NDUFA13/NDUFV2/NDUFC2/NDUFA11/COX7A2L/IDH3G/COX7A2/CYC1/NDUFB9/SDHB/CHCHD10/COX5A/C2orf69/SDHC/NDUFC1/COX6A1/UQCRB/TRPV4/COX4I1/UQCRFS1/SURF1/HIF1A/IDH3A/DNAJC15/UQCRC1/UQCRC2/MDH2/ACLY/PDHB/UQCC2/ACO1/NDUFS5/COX7B/SDHD/CS/COX6C/NDUFB11/OXA1L/BID/ISCU/NUPR1/MRPS36/SDHA/NDUFB6/NDUFB5/ARL2/NDUFA7/CYCS/PPIF/COX7A1/SNCA"
"GO:0070098","chemokine-mediated signaling pathway",28,-0.638052194790732,-2.2152232539587,7.35650143689241e-05,0.0173723781432214,0.0166682835188536,352,"tags=36%, list=4%, signal=34%","CIB1/SH2B3/FOXC1/CXCL12/CCRL2/CXCL8/CXCL1/CXCL3/CXCL2/CCL21"
"GO:0044703","multi-organism reproductive process",92,-0.391479839379597,-1.76257000670561,9.81179041714897e-05,0.0220671838762831,0.0211728109001636,898,"tags=25%, list=10%, signal=23%","EMP2/FKBP4/FBLN1/IGFBP7/PRDM1/UMPS/UCP2/CAPN2/TIMP1/PTGS2/NR2F2/HPGD/IGFBP5/VEGFA/ADM/MMP2/RGS2/RARA/POLR1B/SERPINE2/THBD/PRL/IL1B"
"GO:0002237","response to molecule of bacterial origin",200,-0.30485536785669,-1.55883896531281,0.000104106378458264,0.0223497466117446,0.021443921495829,554,"tags=14%, list=6%, signal=13%","SOD2/CAPN2/CDK4/PTGS2/LITAF/VIM/CNP/LY86/HPGD/PDCD1LG2/ALAD/ADM/TNFAIP3/SNCA/C5AR1/IL10/RARA/LOXL1/TICAM1/SPON2/GBP2/THBD/CXCL8/CXCL1/IL1B/CXCL3/CXCL2"
"GO:0030195","negative regulation of blood coagulation",17,-0.704535682172767,-2.18217360243303,0.000157081147832778,0.0237855217921528,0.0228215053579277,911,"tags=47%, list=10%, signal=43%","C1QTNF1/SH2B3/PLAU/PLAUR/TFPI/SERPINE2/THBD/CD9"
"GO:1900047","negative regulation of hemostasis",17,-0.704535682172767,-2.18217360243303,0.000157081147832778,0.0237855217921528,0.0228215053579277,911,"tags=47%, list=10%, signal=43%","C1QTNF1/SH2B3/PLAU/PLAUR/TFPI/SERPINE2/THBD/CD9"
"GO:0050819","negative regulation of coagulation",18,-0.699774665862324,-2.17567763332174,0.000133937285462607,0.0237855217921528,0.0228215053579277,911,"tags=44%, list=10%, signal=40%","C1QTNF1/SH2B3/PLAU/PLAUR/TFPI/SERPINE2/THBD/CD9"
"GO:0050818","regulation of coagulation",30,-0.607367044558732,-2.16814961539013,0.000125488094228905,0.0237855217921528,0.0228215053579277,642,"tags=33%, list=7%, signal=31%","SH2B3/PLAU/VKORC1/ENPP4/PLAUR/TFPI/SERPINE2/THBD/F3/CD9"
"GO:0030193","regulation of blood coagulation",28,-0.622278969245916,-2.16046093780011,0.000161155345616957,0.0237855217921528,0.0228215053579277,642,"tags=36%, list=7%, signal=33%","SH2B3/PLAU/VKORC1/ENPP4/PLAUR/TFPI/SERPINE2/THBD/F3/CD9"
"GO:1900046","regulation of hemostasis",28,-0.622278969245916,-2.16046093780011,0.000161155345616957,0.0237855217921528,0.0228215053579277,642,"tags=36%, list=7%, signal=33%","SH2B3/PLAU/VKORC1/ENPP4/PLAUR/TFPI/SERPINE2/THBD/F3/CD9"
"GO:0006120","mitochondrial electron transport, NADH to ubiquinone",42,-0.526501944958042,-2.02828745317588,0.000125701035177285,0.0237855217921528,0.0228215053579277,2931,"tags=64%, list=31%, signal=44%","NDUFAF1/NDUFV1/NDUFA8/NDUFS7/NDUFS1/NDUFB3/NDUFA3/NDUFB1/NDUFA5/NDUFA4/NDUFS6/NDUFB7/NDUFB10/NDUFA9/NDUFB2/NDUFS3/NDUFV2/NDUFC2/NDUFB9/NDUFC1/DNAJC15/NDUFS5/ISCU/NDUFB6/NDUFB5/NDUFA7/SNCA"
"GO:0044706","multi-multicellular organism process",95,-0.388429714083502,-1.759055912291,0.000143907725234791,0.0237855217921528,0.0228215053579277,898,"tags=24%, list=10%, signal=22%","EMP2/FKBP4/FBLN1/IGFBP7/PRDM1/UMPS/UCP2/CAPN2/TIMP1/PTGS2/NR2F2/HPGD/IGFBP5/VEGFA/ADM/MMP2/RGS2/RARA/POLR1B/SERPINE2/THBD/PRL/IL1B"
"GO:0006959","humoral immune response",82,-0.391156966662024,-1.71343237452182,0.000158583098859825,0.0237855217921528,0.0228215053579277,196,"tags=17%, list=2%, signal=17%","PSMB10/RGCC/C4BPA/HLA-DQB1/SPON2/C1S/C1R/CXCL8/CFI/CXCL1/CXCL14/IL1B/CXCL3/CXCL2"
"GO:0030595","leukocyte chemotaxis",129,-0.345721589825842,-1.56828721476908,0.000139086697510841,0.0237855217921528,0.0228215053579277,316,"tags=12%, list=3%, signal=12%","VEGFA/CXCL12/RAC2/C5AR1/IL10/MMP2/LGALS3/CH25H/MDK/CXCL8/CXCL1/IL1B/ITGA1/CXCL3/CXCL2/CCL21"
"GO:0071222","cellular response to lipopolysaccharide",129,-0.342986281270383,-1.55587911078537,0.000171067286795877,0.024483357440513,0.0234910580432616,549,"tags=14%, list=6%, signal=13%","MAP2K3/CAPN2/CDK4/LITAF/VIM/LY86/PDCD1LG2/TNFAIP3/IL10/RARA/TICAM1/SPON2/GBP2/CXCL8/CXCL1/IL1B/CXCL3/CXCL2"
"GO:0060326","cell chemotaxis",160,-0.320223253142817,-1.55328056041595,0.000177160902965734,0.0246097336678577,0.023612312299303,316,"tags=12%, list=3%, signal=12%","VEGFA/CXCL12/RAC2/CCRL2/C5AR1/IL10/MMP2/LGALS3/CH25H/MDK/HBEGF/CXCL8/CXCL1/CXCL14/IL1B/ITGA1/CXCL3/CXCL2/CCL21"
"GO:0042273","ribosomal large subunit biogenesis",66,-0.432501083500028,-1.81658024148257,0.000221181859796267,0.0298469121090792,0.0286372302683588,3057,"tags=67%, list=33%, signal=45%","TMA16/GTPBP4/TRAF7/CINP/GTF3A/RRS1/RPL24/RPL10/RPL6/WDR74/NSA2/RPL26/RPL35A/SNU13/RPL35/RPL7L1/RPL14/ZNHIT3/RPL38/EIF6/RPL5/FASTKD2/BRIX1/NIP7/NIFK/RPL26L1/RRP15/PES1/RPL10A/RPL23A/WDR12/PPAN/EBNA1BP2/MRPL20/MALSU1/RPLP0/SDAD1/RPF2/HEATR3/RSL24D1/NOC2L/RPL7/NOP16/DDX28"
"GO:0061041","regulation of wound healing",57,-0.437973877778617,-1.81570377305807,0.000276623130006217,0.036291417861649,0.0348205431192037,192,"tags=25%, list=2%, signal=24%","PLAU/VKORC1/FERMT2/TNFAIP3/TNFRSF12A/CASK/ENPP4/PLAUR/HBEGF/TFPI/SERPINE2/THBD/F3/CD9"
"GO:0030150","protein import into mitochondrial matrix",17,-0.68982887185971,-2.13662188084788,0.000292669305190086,0.0373588413084534,0.0358447043767659,1376,"tags=53%, list=15%, signal=45%","DNAJC15/PAM16/TIMM50/ROMO1/TOMM40L/TIMM23B/TIMM17A/GRPEL2/TIMM23"
"GO:0061687","detoxification of inorganic compound",11,-0.771146441369142,-2.10116395239731,0.000315168300331134,0.0391721021701038,0.0375844745962751,961,"tags=45%, list=10%, signal=41%","MT1X/SLC30A1/TXN/MT1E/MT1F"
"GO:0022904","respiratory electron transport chain",90,-0.376943424735076,-1.7133794341417,0.000327910293500036,0.0397107773384787,0.0381013175038503,2963,"tags=63%, list=32%, signal=44%","COX6B1/COX5B/NDUFAF1/NDUFV1/UQCRH/COA6/NDUFA8/NDUFS7/GHITM/NDUFS1/NDUFB3/NDUFA3/NDUFB1/NDUFA5/COX7C/NDUFA4/NDUFS6/DGUOK/CHCHD2/NDUFB7/NDUFB10/NDUFA9/NDUFB2/UQCR10/NDUFS3/NDUFV2/NDUFC2/COX7A2L/COX7A2/CYC1/NDUFB9/SDHB/COX5A/VPS54/SDHC/NDUFC1/COX6A1/UQCRB/COX4I1/UQCRFS1/DNAJC15/UQCRC1/UQCRC2/NDUFS5/COX7B/SDHD/COX6C/BID/ISCU/SDHA/NDUFB6/SOD2/NDUFB5/NDUFA7/CYCS/COX7A1/SNCA"
"GO:0007565","female pregnancy",87,-0.395539517702592,-1.79474670363391,0.000373408727649048,0.0440902355171613,0.0423032782244513,898,"tags=25%, list=10%, signal=23%","EMP2/FKBP4/FBLN1/IGFBP7/PRDM1/UMPS/UCP2/CAPN2/TIMP1/PTGS2/NR2F2/HPGD/IGFBP5/VEGFA/ADM/MMP2/RGS2/RARA/POLR1B/THBD/PRL/IL1B"
"GO:0071280","cellular response to copper ion",14,-0.72101391291559,-2.10047930609226,0.000397924897301284,0.0458390070720479,0.0439811728596156,1137,"tags=43%, list=12%, signal=38%","DAXX/MT1X/MT1E/SNCA/MT1F/AOC1"
"GO:2001243","negative regulation of intrinsic apoptotic signaling pathway",79,-0.40292344576426,-1.74918020059781,0.000432414395719445,0.0486260283567366,0.0466552374328875,1730,"tags=38%, list=19%, signal=31%","NDUFS3/NDUFA13/GRINA/TMBIM6/HYOU1/VDAC2/TMEM161A/BCL2L1/IVNS1ABP/CLU/RRM2B/HIF1A/NONO/CDKN2D/CTNNB1/BID/CD44/TRIAP1/ARMC10/SOD2/DNAJA1/PTGS2/NOC2L/TRIM32/PPIF/HERPUD1/CXCL12/IL10/MAPK7/PLAUR"
"GO:0032543","mitochondrial translation",125,-0.330577135145923,-1.5323967199849,0.000491865440250053,0.0540251273093256,0.0518355133482614,2550,"tags=54%, list=27%, signal=39%","SHMT2/MRPS11/MRPS18C/MRPS18A/MRPL4/CHCHD1/MRPS23/MRPL34/MRPL41/MRPL57/MRPS7/C1QBP/MRPS22/MRPL3/MRPS26/MRPL52/GATB/MRPS14/FASTKD2/MRPS34/MRPL36/MRPL18/AURKAIP1/GFM1/MRPL23/MRPS30/MRPL54/DAP3/MRPL11/MRPL39/MTIF2/MRPL13/MRPL16/MRPL14/SARS2/MRPS28/MRPS6/MRPL9/MRPS17/GADD45GIP1/UQCC2/TARS2/TUFM/MRPS25/MRPS35/MRPL28/MRPL20/MALSU1/MRPS33/MRPL24/MRPL42/RPUSD4/DARS2/MRPL33/MRPL15/MRPL35/TACO1/MRPS12/MRPL2/MRPL43/NDUFA7/MRPL51/NGRN/MPV17L2/COA3/MRPL50/MRPL10"
"GO:0140374","antiviral innate immune response",32,0.648237007966805,1.84007817759407,0.00056119985364762,0.0602397024722207,0.0577982145921771,1289,"tags=41%, list=14%, signal=35%","NLRP1/MX1/IFIT3/IFIT1/TNF/TRIM25/DHX58/DUS2/OAS1/MAVS/DHX16/IFIT2/SENP7"
"GO:0044458","motile cilium assembly",18,0.726900343923054,1.84773735940955,0.000605215528443512,0.0635207320186379,0.0609462654958905,275,"tags=28%, list=3%, signal=27%","SPAG16/ARMC2/CENPJ/DNAH1/MNS1"
"GO:0097529","myeloid leukocyte migration",130,-0.329098652172039,-1.47826036765198,0.000629001878252874,0.0645820841519201,0.06196460150752,316,"tags=12%, list=3%, signal=12%","VEGFA/CXCL12/RAC2/IL1R1/C5AR1/MMP2/LGALS3/MDK/CXCL8/CXCL1/IL1B/ITGA1/CXCL3/CXCL2/CCL21/CD9"
"GO:0050765","negative regulation of phagocytosis",15,0.767190259347209,1.87995864894957,0.000780659437084712,0.078447968539385,0.0752685078756929,831,"tags=27%, list=9%, signal=24%","FCGR2B/DYSF/CNN2/SYT11"
"GO:0007420","brain development",343,0.390120391708328,1.3954911364064,0.000896570376530941,0.0882187893407423,0.0846433217317039,2724,"tags=38%, list=29%, signal=28%","PLCB1/FCGR2B/EGR2/TACC2/UNC5C/IMMP2L/LAMB1/TULP3/IFT172/DLG5/CX3CR1/ADGRG1/P2RY12/FUT10/IGF1R/C21orf91/BMP7/TRAPPC9/KDM4B/EGFR/SYNE2/PHLPP2/SLC2A1/CDH1/CEP290/FKRP/NDST1/NIN/WDR37/ANXA3/C2CD3/BMPR1A/CDK5RAP1/MNAT1/SMO/LDB1/SZT2/RTN4RL1/PROX1/PHACTR1/EPHB2/ATXN1/DISC1/EXT1/OPHN1/RAD1/EZH1/PLXNA3/SUDS3/RERE/TRA2B/DHX37/SUN1/SEMA6B/ZSWIM6/BNIP3/AGTPBP1/TTBK2/KDM7A/GIT1/NUMB/LHX2/CHD7/STK36/TCTN1/HERC1/HES1/NCOA1/NR4A2/ARHGAP35/AXL/NOTCH1/CSNK2A2/PCDH18/METTL3/MINK1/ABAT/AKNA/CHD8/RRM1/RAPGEF2/NCOA6/SRGAP2/KIF27/KAT2A/SLC38A2/BBS7/CDK5RAP2/PDSS2/BBS4/SETD1A/S100A1/EPHB3/FZD3/DPCD/TSC1/GSK3B/SOS1/NSUN5/PGAP1/CEP120/NDE1/SECISBP2/HOOK3/NIPBL/ROGDI/WDR47/HOXB3/BPTF/DOCK7/FRS2/BMP2/ZNF148/METTL14/MECP2/MAPKAP1/PSEN1/PEX13/TAF1/FZD1/NF1/ABL1/SETD2/SEC16A/BTG2/PPT1/RYK/DYNC2H1/CCDC14"
"GO:1903897","regulation of PERK-mediated unfolded protein response",10,0.822158220065372,1.83444573181618,0.00105784878054779,0.101963669194433,0.0978311278250961,151,"tags=20%, list=2%, signal=20%","AGR2/ABCA7"
"GO:0044782","cilium organization",183,0.429818951233847,1.49409506238762,0.00110787474669123,0.104649848572453,0.100408437568542,2043,"tags=32%, list=22%, signal=26%","BBS9/SPAG16/ARMC2/IFT172/CENPJ/LAMA5/CEP83/TTLL3/DNAH1/MNS1/ARMC9/SYNE2/CEP164/CEP290/PCNT/C2CD3/CDKL5/ABCC4/POC1B/CROCC/IFT122/AVIL/DISC1/RFX3/TTC39C/RTTN/ALPK1/WDPCP/TTBK2/CDC14A/CEP89/TRAF3IP1/NPHP3/STK36/TCTN1/TMEM80/SCLT1/ARHGAP35/NOTCH1/TBC1D31/PTPDC1/CEP350/FBXW8/CLUAP1/TCHP/CEP162/KIF27/BBS7/CCDC88A/DNMBP/BBS4/MPHOSPH9/CCDC66/DNAL1/PIBF1/CEP250/ODF2/RABEP2/RILPL1"
"GO:1902624","positive regulation of neutrophil migration",19,-0.632060670698247,-2.01037640280226,0.001140379432515,0.105608079603301,0.101327831929352,293,"tags=32%, list=3%, signal=31%","RAC2/IL1R1/C5AR1/MDK/CXCL8/CCL21"
"GO:0007264","small GTPase mediated signal transduction",327,0.395011063720169,1.40971047442659,0.00121179325011457,0.11006345231329,0.10560263039966,2626,"tags=39%, list=28%, signal=29%","AUTS2/DOCK9/RAP1GAP2/ARHGAP23/SIPA1L1/TIAM1/KANK1/ARHGAP8/TAGAP/ADGRG1/GARNL3/RAB39A/ARHGAP19/MET/RACGAP1/COL1A2/NET1/RASA4/RASL10A/SRGAP3/BCL6/TRIO/STK19/SPATA13/ELMO1/RGL3/ARHGAP32/ARHGAP31/CYTH3/DENND1A/CBL/EPHB2/RTKN/FARP2/TIAM2/F2RL1/OPHN1/SCAI/PLD2/ARHGAP25/PHACTR4/CDK2/ABR/KSR1/DENND4C/LPAR2/SIPA1L3/ARHGAP22/RABGEF1/DOCK4/ITPKB/ABCA1/DOCK1/RALGPS2/RHOBTB2/PLD1/GIT1/RAPGEF1/DOCK10/RALGAPA2/FLCN/EPS8L1/ARHGAP27/ARHGEF1/RALGPS1/ARHGAP26/ARHGAP35/STARD13/NOTCH1/ITGAV/KRIT1/RAB12/VAV3/ARFGAP1/BCAR3/RAPGEF6/VAV2/GNA12/AMOT/ARHGAP6/RAPGEF2/CYTH1/TNK2/SRGAP2/ARHGAP21/SIPA1L2/CCDC88A/RHOBTB1/RASA3/ABL2/DNMBP/DENND3/BRAP/FGD2/FGD5/CDC42EP3/SWAP70/MYO9A/MYO9B/DENND4A/RAB4B/DOCK2/CCDC125/SOS2/SOS1/ARRB1/RAB38/DOCK7/FGD3/ITSN1/DOCK8/CHML/OGT/PLEKHG3/PSD3/ARHGEF2/NOTCH2/MAPKAP1/IQSEC1/SYDE1/WASF2/DNAJA3/DENND4B/HACE1/NF1/ABL1"
"GO:0036003","positive regulation of transcription from RNA polymerase II promoter in response to stress",15,-0.664299916907114,-1.98327316755466,0.0012850470559585,0.112591964947802,0.10802866356136,1402,"tags=47%, list=15%, signal=40%","HIF1A/CEBPB/HSPA5/ATF3/DDIT3/VEGFA/MAPK7"
"GO:0050900","leukocyte migration",206,-0.278467432256449,-1.4644719393803,0.00128731020689844,0.112591964947802,0.10802866356136,316,"tags=10%, list=3%, signal=10%","VEGFA/CXCL12/RAC2/IL1R1/FADD/C5AR1/IL10/MMP2/LGALS3/CH25H/MDK/ECM1/CXCL8/CXCL1/IL1B/ITGA1/CXCL3/CXCL2/CCL21/CD9"
"GO:0060271","cilium assembly",175,0.442602990042633,1.53690051521153,0.00146618275861997,0.125905112162948,0.120802234944669,2043,"tags=33%, list=22%, signal=26%","BBS9/SPAG16/ARMC2/IFT172/CENPJ/LAMA5/CEP83/TTLL3/DNAH1/MNS1/ARMC9/SYNE2/CEP164/CEP290/PCNT/C2CD3/CDKL5/ABCC4/POC1B/CROCC/IFT122/AVIL/DISC1/RFX3/TTC39C/ALPK1/WDPCP/TTBK2/CDC14A/CEP89/TRAF3IP1/NPHP3/STK36/TCTN1/TMEM80/SCLT1/ARHGAP35/NOTCH1/TBC1D31/PTPDC1/CEP350/FBXW8/CLUAP1/TCHP/CEP162/KIF27/BBS7/CCDC88A/DNMBP/BBS4/MPHOSPH9/CCDC66/DNAL1/PIBF1/CEP250/ODF2/RABEP2/RILPL1"
"GO:1904874","positive regulation of telomerase RNA localization to Cajal body",14,-0.673788488216019,-1.96290078572537,0.0015906266073597,0.127331007907795,0.122170339780259,1329,"tags=71%, list=14%, signal=61%","CCT3/DKC1/CCT4/CCT2/CCT5/CCT8/CCT6A/NOP10/TCP1/CCT7"
"GO:0071219","cellular response to molecule of bacterial origin",136,-0.307809490728476,-1.40511022042763,0.00153247961105391,0.127331007907795,0.122170339780259,549,"tags=12%, list=6%, signal=12%","CAPN2/CDK4/LITAF/VIM/LY86/PDCD1LG2/TNFAIP3/IL10/RARA/TICAM1/SPON2/GBP2/CXCL8/CXCL1/IL1B/CXCL3/CXCL2"
"GO:0030031","cell projection assembly",301,0.39499129659359,1.40300122113651,0.00158498280657965,0.127331007907795,0.122170339780259,2075,"tags=31%, list=22%, signal=25%","AUTS2/BBS9/SPAG16/ARMC2/ITGB4/IFT172/KANK1/CENPJ/TNIK/LAMA5/P2RY12/CEP83/TTLL3/DNAH1/MNS1/ARMC9/SYNE2/CEP164/CEP290/PCNT/SPATA13/C2CD3/CDKL5/ABCC4/EPHB2/POC1B/CROCC/IFT122/P2RX7/AVIL/MTOR/DISC1/F2RL1/RFX3/OPHN1/SH2B1/TTC39C/ALPK1/WDPCP/TTBK2/WHAMM/CDC14A/CEP89/TRAF3IP1/NPHP3/EVL/PLD1/EPS8L1/CLN3/STK36/BIN3/TCTN1/TMEM80/INPP5K/SCLT1/ARHGAP35/NOTCH1/ZMYND8/TBC1D31/SH3YL1/NUP85/VAV3/PTPDC1/S1PR2/ANO6/CEP350/RAPGEF6/VAV2/FBXW8/CLUAP1/TCHP/TRPM2/RAPGEF2/CEP162/SRGAP2/KIF27/BBS7/CCDC88A/DNMBP/BBS4/NEFH/MPHOSPH9/CCDC66/DNAL1/PIBF1/FGD2/CEP250/FGD6/FGD5/ODF2/RABEP2/RILPL1/CDC42EP3"
"GO:0006338","chromatin remodeling",425,0.376227385495608,1.35086442185041,0.00157704995969987,0.127331007907795,0.122170339780259,2959,"tags=42%, list=32%, signal=30%","XIST/SCMH1/MCM2/TSPYL2/MTA3/SMYD3/HDAC4/CENPP/KDM6A/KDM4C/KDM4B/CDYL/BCL6/KDM5C/ERCC6/KANSL3/JARID2/PRKCA/SMYD2/RING1/RPS6KA5/TADA2A/LMNB1/MIS18A/BAZ2B/CDKN1C/SETD1B/EHMT1/IWS1/TET3/NRDE2/EZH1/BRD9/DOT1L/CDK2/INO80E/ARID1B/PCGF6/MTHFR/SUDS3/EED/RERE/PRDM2/YTHDC1/KANSL1/RAD54L2/KDM7A/SETD5/EYA2/BRPF1/SMARCD1/YEATS2/JADE2/PRKCB/RNF168/LHX2/CHD7/SUPT6H/HIPK2/PRIMPOL/EP300/VRK1/NCOA1/NSD1/ERCC6L2/DNMT1/GATAD1/CHD6/MTA1/SMARCAL1/NAA40/NFRKB/GATAD2B/PSIP1/USP51/TAF6L/METTL3/NAP1L4/SETBP1/KDM3B/EP400/UBR5/CHD8/DNMT3A/HUWE1/CHD2/BRD1/KAT6A/INO80C/ASH1L/SHPRH/RNF8/GLMN/CTCF/KAT2A/SATB1/PHC1/SIRT3/HELLS/MPHOSPH8/CHD1L/CHTOP/PWWP2A/KDM2A/KMT2A/KAT6B/GATA3/PER2/MTA2/EHMT2/HDAC7/SATB2/ZNFX1/ARID2/SETD1A/KDM5A/CLOCK/HDAC8/RLIM/JADE1/NCOA3/HDAC5/ATF7IP/NFAT5/BRD7/CREBBP/RNF20/KMT2D/USP15/KDM3A/NIPBL/INO80D/BPTF/EPC1/RSF1/MCM3AP/VCPKMT/HMGB2/ZBTB7A/BAZ1B/OGT/CHD1/SUZ12/KCNQ1/MECP2/SETD3/JMJD1C/KMT5B/PWWP2B/TAF1/SMARCA4/PRMT2/TASP1/RBBP5/SETD2/KMT2B/EYA3/ACTR6/JAK2/BAZ2A/RRP8/SRCAP/CABIN1/AXIN1/SART3/DDB1/NFKBIZ/HCFC1/KDM1A/SETDB2/ARID4A/DYRK1A/PCGF3/C6orf89/ZNF304/MYSM1/DTX3L/SETDB1/SMARCE1"
"GO:0008037","cell recognition",56,-0.408324816689003,-1.68998215399534,0.0016718308478695,0.131600951574794,0.126267224562775,555,"tags=18%, list=6%, signal=17%","PALLD/TCP1/CCT7/ST6GALNAC6/C4BPA/LGALS3/SPON2/VCAN/CCL21/CD9"
"GO:0071624","positive regulation of granulocyte chemotaxis",15,-0.653018542110678,-1.94959252518597,0.00179599076278854,0.134642291629369,0.129185300481281,293,"tags=33%, list=3%, signal=32%","RAC2/C5AR1/MDK/CXCL8/CCL21"
"GO:0090023","positive regulation of neutrophil chemotaxis",15,-0.653018542110678,-1.94959252518597,0.00179599076278854,0.134642291629369,0.129185300481281,293,"tags=33%, list=3%, signal=32%","RAC2/C5AR1/MDK/CXCL8/CCL21"
"GO:0040020","regulation of meiotic nuclear division",10,0.81311041313257,1.81425775533538,0.00173957858359746,0.134642291629369,0.129185300481281,817,"tags=50%, list=9%, signal=46%","PLCB1/RPS6KA2/RAD51AP1/MSX2/RAD1"
"GO:0120031","plasma membrane bounded cell projection assembly",296,0.399636936687718,1.41823339427827,0.00182597177863056,0.134751011101127,0.129289613602049,2075,"tags=31%, list=22%, signal=25%","AUTS2/BBS9/SPAG16/ARMC2/ITGB4/IFT172/KANK1/CENPJ/TNIK/LAMA5/P2RY12/CEP83/TTLL3/DNAH1/MNS1/ARMC9/SYNE2/CEP164/CEP290/PCNT/SPATA13/C2CD3/CDKL5/ABCC4/EPHB2/POC1B/CROCC/IFT122/P2RX7/AVIL/MTOR/DISC1/F2RL1/RFX3/OPHN1/SH2B1/TTC39C/ALPK1/WDPCP/TTBK2/WHAMM/CDC14A/CEP89/TRAF3IP1/NPHP3/EVL/PLD1/EPS8L1/CLN3/STK36/BIN3/TCTN1/TMEM80/INPP5K/SCLT1/ARHGAP35/NOTCH1/ZMYND8/TBC1D31/SH3YL1/NUP85/VAV3/PTPDC1/S1PR2/ANO6/CEP350/RAPGEF6/VAV2/FBXW8/CLUAP1/TCHP/TRPM2/RAPGEF2/CEP162/SRGAP2/KIF27/BBS7/CCDC88A/DNMBP/BBS4/MPHOSPH9/CCDC66/DNAL1/PIBF1/FGD2/CEP250/FGD6/FGD5/ODF2/RABEP2/RILPL1/CDC42EP3"
"GO:0010043","response to zinc ion",24,-0.562991530614788,-1.90933696036807,0.00188788675136432,0.136009573887622,0.130497167408363,1066,"tags=42%, list=11%, signal=37%","S100A8/TSPO/MT1X/SOD2/PAM/SLC30A1/ALAD/MT1E/MT1F/CRIP1"
"GO:0061045","negative regulation of wound healing",27,-0.558325619400592,-1.90679095974905,0.00190062076573852,0.136009573887622,0.130497167408363,642,"tags=30%, list=7%, signal=28%","SH2B3/PLAU/CASK/PLAUR/TFPI/SERPINE2/THBD/CD9"
"GO:1903034","regulation of response to wounding",83,-0.361881607127196,-1.58990850185545,0.0020313782763688,0.141091170577792,0.13537280928433,192,"tags=17%, list=2%, signal=17%","FERMT2/TNFAIP3/TNFRSF12A/CASK/IL10/ENPP4/MDK/PLAUR/HBEGF/TFPI/SERPINE2/THBD/F3/CD9"
"GO:0052547","regulation of peptidase activity",181,-0.276272654675095,-1.38492720113842,0.00200530806978143,0.141091170577792,0.13537280928433,1279,"tags=23%, list=14%, signal=20%","EIF2AK3/CTSH/TIMP2/LGMN/CDKN2D/TANK/RPS27L/PDCD2/S100A8/PIH1D1/PSMB8/BAX/BID/PSENEN/CD44/FURIN/PPM1F/TRIAP1/DLC1/FAM162A/CIDEB/SERPINB1/TIMP1/PSME3/LAMTOR5/CYCS/FAS/PSMB9/TIMP3/VEGFA/SPOCK1/MUL1/FADD/SNCA/MYC/CTSK/ECM1/PLAUR/SERPINE2/BIRC3/F3"
"GO:0090670","RNA localization to Cajal body",17,-0.625100750356707,-1.93613807051292,0.00245105161974662,0.143349937673789,0.137540029572119,1329,"tags=59%, list=14%, signal=51%","CCT3/DKC1/CCT4/CCT2/CCT5/CCT8/CCT6A/NOP10/TCP1/CCT7"
"GO:0090671","telomerase RNA localization to Cajal body",17,-0.625100750356707,-1.93613807051292,0.00245105161974662,0.143349937673789,0.137540029572119,1329,"tags=59%, list=14%, signal=51%","CCT3/DKC1/CCT4/CCT2/CCT5/CCT8/CCT6A/NOP10/TCP1/CCT7"
"GO:0090672","telomerase RNA localization",17,-0.625100750356707,-1.93613807051292,0.00245105161974662,0.143349937673789,0.137540029572119,1329,"tags=59%, list=14%, signal=51%","CCT3/DKC1/CCT4/CCT2/CCT5/CCT8/CCT6A/NOP10/TCP1/CCT7"
"GO:0090685","RNA localization to nucleus",17,-0.625100750356707,-1.93613807051292,0.00245105161974662,0.143349937673789,0.137540029572119,1329,"tags=59%, list=14%, signal=51%","CCT3/DKC1/CCT4/CCT2/CCT5/CCT8/CCT6A/NOP10/TCP1/CCT7"
"GO:1904872","regulation of telomerase RNA localization to Cajal body",17,-0.625100750356707,-1.93613807051292,0.00245105161974662,0.143349937673789,0.137540029572119,1329,"tags=59%, list=14%, signal=51%","CCT3/DKC1/CCT4/CCT2/CCT5/CCT8/CCT6A/NOP10/TCP1/CCT7"
"GO:0035082","axoneme assembly",16,0.73433309925246,1.81627895179012,0.00230643786365055,0.143349937673789,0.137540029572119,275,"tags=31%, list=3%, signal=30%","SPAG16/ARMC2/TTLL3/DNAH1/MNS1"
"GO:0051446","positive regulation of meiotic cell cycle",10,0.807408116447891,1.80153446976885,0.00220345861502122,0.143349937673789,0.137540029572119,521,"tags=40%, list=6%, signal=38%","PLCB1/RAD51AP1/INSR/MSX2"
"GO:0072567","chemokine (C-X-C motif) ligand 2 production",15,0.731652406256606,1.79287504293556,0.00232214929323945,0.143349937673789,0.137540029572119,782,"tags=33%, list=8%, signal=31%","OAS3/TNF/MAP2K5/OAS1/F2RL1"
"GO:2000341","regulation of chemokine (C-X-C motif) ligand 2 production",15,0.731652406256606,1.79287504293556,0.00232214929323945,0.143349937673789,0.137540029572119,782,"tags=33%, list=8%, signal=31%","OAS3/TNF/MAP2K5/OAS1/F2RL1"
"GO:0002431","Fc receptor mediated stimulatory signaling pathway",26,0.644797483743573,1.76588330199241,0.00248881958273358,0.143349937673789,0.137540029572119,1573,"tags=35%, list=17%, signal=29%","FCGR2B/PRKCE/NR4A3/PTK2/PLD2/RABGEF1/YES1/VAV3/VAV2"
"GO:0016571","histone methylation",33,0.600296368002549,1.70794951451756,0.0024794536960893,0.143349937673789,0.137540029572119,3030,"tags=70%, list=33%, signal=47%","AUTS2/SMYD3/KANSL3/SMYD2/SETD1B/EHMT1/DOT1L/KANSL1/SETBP1/ASH1L/KMT2A/EHMT2/SETD1A/OGT/MECP2/RBBP5/SETD2/KMT2B/BAZ2A/HCFC1/SETDB2/SETDB1/WDR5"
"GO:0048144","fibroblast proliferation",66,-0.382194614071714,-1.60528426589175,0.002413620959092,0.143349937673789,0.137540029572119,1300,"tags=32%, list=14%, signal=28%","CD248/BRK1/FOSL2/CKS1B/EMD/CTNNB1/ZMPSTE24/BAX/FN1/NUPR1/GNG2/BMI1/PEX2/SOD2/CDK4/COL3A1/TRIM32/B4GALT7/MYC/S100A6/CDKN1A"
"GO:0007268","chemical synaptic transmission",269,0.401071490608324,1.4190286926207,0.00233337560308965,0.143349937673789,0.137540029572119,1925,"tags=30%, list=21%, signal=25%","PLCB1/SYN3/RPS6KA2/EGR2/ROR2/PRKCE/EGR3/BTBD9/SIPA1L1/CX3CR1/DYSF/APBA3/MME/AKAP12/STX3/TNF/CDH1/ABHD6/TRIO/SLC4A8/CDKL5/TMOD2/PRKCZ/EPHB2/GABRA3/CELF4/CPEB3/DAG1/DNM1/MCTP2/P2RX7/DISC1/EXOC4/EXT1/AKAP9/STXBP5/OPHN1/ADRB2/SYT11/SYNE1/DGKE/ABR/SLC12A6/SLC38A1/AKAP7/RETN/FBXL20/CEP89/PLCL2/GIT1/SYAP1/SNAP47/PRKCB/STX2/CLN3/PTPRA/UNC13B/SLC6A6/TSHZ3/RGS14/CLSTN1/PLCL1/ZMYND8/BRAF/GRIA4/KIF1B/S1PR2/MINK1/ABAT/PDE9A/RAPGEF2/CACNB4/KAT2A/SYT1/SLC38A2/NEFH/KMT2A/ERC1/DTNA/PTK2B/SYNJ1"
"GO:0098916","anterograde trans-synaptic signaling",269,0.401071490608324,1.4190286926207,0.00233337560308965,0.143349937673789,0.137540029572119,1925,"tags=30%, list=21%, signal=25%","PLCB1/SYN3/RPS6KA2/EGR2/ROR2/PRKCE/EGR3/BTBD9/SIPA1L1/CX3CR1/DYSF/APBA3/MME/AKAP12/STX3/TNF/CDH1/ABHD6/TRIO/SLC4A8/CDKL5/TMOD2/PRKCZ/EPHB2/GABRA3/CELF4/CPEB3/DAG1/DNM1/MCTP2/P2RX7/DISC1/EXOC4/EXT1/AKAP9/STXBP5/OPHN1/ADRB2/SYT11/SYNE1/DGKE/ABR/SLC12A6/SLC38A1/AKAP7/RETN/FBXL20/CEP89/PLCL2/GIT1/SYAP1/SNAP47/PRKCB/STX2/CLN3/PTPRA/UNC13B/SLC6A6/TSHZ3/RGS14/CLSTN1/PLCL1/ZMYND8/BRAF/GRIA4/KIF1B/S1PR2/MINK1/ABAT/PDE9A/RAPGEF2/CACNB4/KAT2A/SYT1/SLC38A2/NEFH/KMT2A/ERC1/DTNA/PTK2B/SYNJ1"
"GO:0031638","zymogen activation",33,-0.476188001763755,-1.72232224615359,0.00262350867344881,0.146287532327435,0.140358564843845,523,"tags=33%, list=6%, signal=32%","S100A10/CTSH/LGMN/FURIN/CIDEB/PLAU/FADD/PLAUR/SERPINE2/C1R/THBD"
"GO:0050853","B cell receptor signaling pathway",38,0.58675372551152,1.7090258887743,0.00263274195380732,0.146287532327435,0.140358564843845,14,"tags=5%, list=0%, signal=5%","IGKC/FCGR2B"
"GO:0140013","meiotic nuclear division",66,0.51827696263314,1.65050154735476,0.00257475928616789,0.146287532327435,0.140358564843845,2595,"tags=39%, list=28%, signal=29%","PLCB1/TEX14/RPS6KA2/RAD51B/RAD51AP1/PTTG1/MSX2/RAD1/SLX4/CHFR/SUN1/ORC4/FIGNL1/RMI1/FZR1/RAD51D/EME2/FANCM/EHMT2/CKS2/SMC2/CENPC/NCAPH2/FOXJ2/AGO4/SMC4"
"GO:0050820","positive regulation of coagulation",13,-0.674624261893063,-1.92252797601076,0.00277365865682681,0.15057459581831,0.144471875591523,507,"tags=38%, list=5%, signal=36%","PLAU/VKORC1/ENPP4/THBD/F3"
"GO:0060322","head development",368,0.378537538297253,1.35475753217531,0.00276742621097157,0.15057459581831,0.144471875591523,2888,"tags=40%, list=31%, signal=28%","PLCB1/FCGR2B/EGR2/TACC2/UNC5C/IMMP2L/LAMB1/TULP3/IFT172/DLG5/CX3CR1/ADGRG1/P2RY12/FUT10/IGF1R/C21orf91/BMP7/TRAPPC9/KDM4B/EGFR/SYNE2/PHLPP2/SLC2A1/CDH1/CEP290/FKRP/NDST1/NIN/WDR37/ANXA3/C2CD3/BMPR1A/CDK5RAP1/MNAT1/SMO/COL1A1/LDB1/SZT2/RTN4RL1/PROX1/PHACTR1/EPHB2/ATXN1/DISC1/EXT1/OPHN1/RAD1/EZH1/PLXNA3/SUDS3/RERE/TRA2B/DHX37/SUN1/SEMA6B/ZSWIM6/BNIP3/AGTPBP1/TTBK2/KDM7A/GIT1/NUMB/LHX2/CHD7/STK36/TCTN1/HERC1/HES1/EP300/NCOA1/NR4A2/FLVCR1/ARHGAP35/AXL/NOTCH1/CSNK2A2/BRAF/PCDH18/METTL3/MINK1/ABAT/AKNA/CHD8/CSRNP1/RRM1/RAPGEF2/NCOA6/SRGAP2/KIF27/KAT2A/SLC38A2/BBS7/CDK5RAP2/PDSS2/BBS4/DDX10/SETD1A/S100A1/ARID5B/EPHB3/FZD3/DPCD/TSC1/GSK3B/SOS1/NSUN5/PGAP1/CEP120/NDE1/SECISBP2/HOOK3/NIPBL/ROGDI/WDR47/HOXB3/BPTF/ANKRD11/DOCK7/FRS2/BMP2/ZNF148/METTL14/MECP2/MAPKAP1/PSEN1/PEX13/TAF1/FZD1/NF1/ABL1/SETD2/SEC16A/BTG2/PPT1/RYK/DYNC2H1/CCDC14/SRF/AXIN1/ATRN/KDM1A/GIT2/LRRK2/CDK6/CXCR4/NRP2"
"GO:1904816","positive regulation of protein localization to chromosome, telomeric region",11,-0.694947822256605,-1.89354347577622,0.00312402917786071,0.153585367601174,0.147360622156536,1329,"tags=91%, list=14%, signal=78%","CCT3/DKC1/CCT4/CCT2/CCT5/CCT8/GNL3/CCT6A/TCP1/CCT7"
"GO:1903405","protein localization to nuclear body",11,-0.693208907218377,-1.8888054060678,0.00318682321086493,0.153585367601174,0.147360622156536,2600,"tags=91%, list=28%, signal=66%","CCT3/DKC1/CCT4/MEPCE/CCT2/CCT5/CCT8/CCT6A/TCP1/CCT7"
"GO:1904867","protein localization to Cajal body",11,-0.693208907218377,-1.8888054060678,0.00318682321086493,0.153585367601174,0.147360622156536,2600,"tags=91%, list=28%, signal=66%","CCT3/DKC1/CCT4/MEPCE/CCT2/CCT5/CCT8/CCT6A/TCP1/CCT7"
"GO:1904869","regulation of protein localization to Cajal body",11,-0.693208907218377,-1.8888054060678,0.00318682321086493,0.153585367601174,0.147360622156536,2600,"tags=91%, list=28%, signal=66%","CCT3/DKC1/CCT4/MEPCE/CCT2/CCT5/CCT8/CCT6A/TCP1/CCT7"
"GO:1904871","positive regulation of protein localization to Cajal body",11,-0.693208907218377,-1.8888054060678,0.00318682321086493,0.153585367601174,0.147360622156536,2600,"tags=91%, list=28%, signal=66%","CCT3/DKC1/CCT4/MEPCE/CCT2/CCT5/CCT8/CCT6A/TCP1/CCT7"
"GO:0045071","negative regulation of viral genome replication",36,0.603289680367907,1.74659066771917,0.00314491683336945,0.153585367601174,0.147360622156536,2304,"tags=50%, list=25%, signal=38%","MX1/RSAD2/OAS2/IFIT1/OAS3/TNF/PROX1/OAS1/MAVS/ZC3HAV1/FAM111A/INPP5K/ISG15/IFIT5/MPHOSPH8/ZNFX1/IFIH1/EIF2AK2"
"GO:1903046","meiotic cell cycle process",75,0.507015478721334,1.63903018194333,0.0028818822706955,0.153585367601174,0.147360622156536,2595,"tags=40%, list=28%, signal=29%","PLCB1/TEX14/RPS6KA2/RAD51B/RAD51AP1/PTTG1/MSX2/RAD1/SLX4/CHFR/SUN1/NSUN2/ORC4/HUS1/FIGNL1/RMI1/FZR1/RAD51D/EME2/FANCM/EHMT2/CKS2/SMC2/MYH9/NCAPD2/CENPC/NCAPH2/FOXJ2/AGO4/SMC4"
"GO:0099536","synaptic signaling",286,0.39303884692629,1.39595997457249,0.003145196891211,0.153585367601174,0.147360622156536,1925,"tags=30%, list=21%, signal=24%","PLCB1/SYN3/RPS6KA2/EGR2/ROR2/PRKCE/EGR3/BTBD9/SIPA1L1/CX3CR1/DYSF/APBA3/MME/AKAP12/STX3/TNF/CDH1/ABHD6/TRIO/SLC4A8/CDKL5/TMOD2/PRKCZ/EPHB2/GABRA3/CELF4/CPEB3/DAG1/DNM1/MCTP2/DMD/P2RX7/DISC1/EXOC4/EXT1/AKAP9/STXBP5/OPHN1/ADRB2/SYT11/SYNE1/DGKE/ABR/SLC12A6/SLC38A1/AKAP7/RETN/FBXL20/CEP89/PLCL2/GIT1/SYAP1/SNAP47/PRKCB/STX2/CLN3/PTPRA/IL1RAP/UNC13B/SLC6A6/TSHZ3/RGS14/CLSTN1/DTNB/KCMF1/PLCL1/ZMYND8/BRAF/GRIA4/KIF1B/S1PR2/MINK1/ABAT/PDE9A/RAPGEF2/CACNB4/KAT2A/SYT1/SLC38A2/NEFH/KMT2A/ERC1/DTNA/PTK2B/SYNJ1"
"GO:0006935","chemotaxis",219,-0.261867664680908,-1.38294318746544,0.00309002470507825,0.153585367601174,0.147360622156536,368,"tags=10%, list=4%, signal=10%","CMTM3/VEGFA/CXCL12/RAC2/CCRL2/C5AR1/IL10/MMP2/LGALS3/CH25H/MDK/PLAUR/HBEGF/CXCL8/CXCL1/F3/CXCL14/IL1B/ITGA1/CXCL3/CXCL2/CCL21"
"GO:0042330","taxis",219,-0.261867664680908,-1.38294318746544,0.00309002470507825,0.153585367601174,0.147360622156536,368,"tags=10%, list=4%, signal=10%","CMTM3/VEGFA/CXCL12/RAC2/CCRL2/C5AR1/IL10/MMP2/LGALS3/CH25H/MDK/PLAUR/HBEGF/CXCL8/CXCL1/F3/CXCL14/IL1B/ITGA1/CXCL3/CXCL2/CCL21"
"GO:0000226","microtubule cytoskeleton organization",350,0.37801306471997,1.35195792206454,0.00295315681291358,0.153585367601174,0.147360622156536,2880,"tags=37%, list=31%, signal=27%","GOLGA8A/SPAG16/ARMC2/TACC2/IFT172/HAUS8/CENPJ/KATNAL2/TTLL3/DNAH1/SASS6/MNS1/MET/RACGAP1/NAV1/SYNE2/GEN1/CEP295/PEX14/NIN/PCNT/C2CD3/SIK3/NUMA1/WDR73/TTLL5/PRKCZ/POC1B/BICD1/CAPN6/UVRAG/CUL9/CROCC/DAG1/TTLL4/DISC1/NCKAP5/TUBGCP5/AKAP9/RTTN/KIZ/SAC3D1/CEP85/CDK2/WEE1/CCDC88B/PDE4DIP/SUN1/CETN3/NAT10/TTBK2/RMDN1/CDC14A/ALMS1/SMC1A/TRAF3IP1/GIT1/PKD1/OBSL1/STK36/TUBGCP6/CENPE/MAP7D3/RGS14/TNKS/FIGNL1/HOOK2/CEP350/TRIM36/CLUAP1/TUBD1/HAUS7/KATNBL1/SRGAP2/KAT2A/CCSAP/SPATA7/MAP7/CCDC88A/CDK5RAP2/BBS4/NEFH/STAG1/CCDC66/DNAL1/PIBF1/CEP250/RANBP9/ODF2/DRG1/USP33/CLASP1/ZBED3/GSK3B/CUL7/CEP120/NDE1/NAV3/HOOK3/MYH9/CETN2/WDR47/PKD2/NEK6/DLG1/DOCK7/ARHGEF7/CAMSAP1/ARHGEF2/PPP2R3C/MECP2/CDC14B/LZTS2/CCNL1/ABL1/GADD45A/EML2/SPAST/SETD2/BICD2/DCTN1/MDM1/MARK2/CCDC57/AXIN1/DDB1/CEP68/TTL/CEP192/DYRK1A/NCKAP5L"
"GO:0030194","positive regulation of blood coagulation",11,-0.689042173683791,-1.87745219242063,0.00350234041679272,0.163777760282297,0.157139921774806,507,"tags=36%, list=5%, signal=34%","PLAU/ENPP4/THBD/F3"
"GO:1900048","positive regulation of hemostasis",11,-0.689042173683791,-1.87745219242063,0.00350234041679272,0.163777760282297,0.157139921774806,507,"tags=36%, list=5%, signal=34%","PLAU/ENPP4/THBD/F3"
"GO:0046578","regulation of Ras protein signal transduction",117,0.455830671727519,1.53500166230145,0.00346837021334119,0.163777760282297,0.157139921774806,2626,"tags=40%, list=28%, signal=29%","AUTS2/KANK1/TAGAP/ADGRG1/MET/NET1/RASA4/BCL6/STK19/CYTH3/DENND1A/CBL/EPHB2/F2RL1/OPHN1/SCAI/DENND4C/LPAR2/RABGEF1/ITPKB/ABCA1/GIT1/FLCN/EPS8L1/RALGPS1/ARHGAP35/STARD13/NOTCH1/ARFGAP1/CYTH1/RASA3/ABL2/DENND3/MYO9B/DENND4A/CCDC125/ARRB1/OGT/PSD3/ARHGEF2/NOTCH2/MAPKAP1/IQSEC1/SYDE1/DENND4B/NF1/ABL1"
"GO:0099537","trans-synaptic signaling",272,0.400165726346552,1.41786337232403,0.00356178567115291,0.164924644361326,0.158240323161128,1925,"tags=30%, list=21%, signal=25%","PLCB1/SYN3/RPS6KA2/EGR2/ROR2/PRKCE/EGR3/BTBD9/SIPA1L1/CX3CR1/DYSF/APBA3/MME/AKAP12/STX3/TNF/CDH1/ABHD6/TRIO/SLC4A8/CDKL5/TMOD2/PRKCZ/EPHB2/GABRA3/CELF4/CPEB3/DAG1/DNM1/MCTP2/P2RX7/DISC1/EXOC4/EXT1/AKAP9/STXBP5/OPHN1/ADRB2/SYT11/SYNE1/DGKE/ABR/SLC12A6/SLC38A1/AKAP7/RETN/FBXL20/CEP89/PLCL2/GIT1/SYAP1/SNAP47/PRKCB/STX2/CLN3/PTPRA/IL1RAP/UNC13B/SLC6A6/TSHZ3/RGS14/CLSTN1/PLCL1/ZMYND8/BRAF/GRIA4/KIF1B/S1PR2/MINK1/ABAT/PDE9A/RAPGEF2/CACNB4/KAT2A/SYT1/SLC38A2/NEFH/KMT2A/ERC1/DTNA/PTK2B/SYNJ1"
"GO:0090263","positive regulation of canonical Wnt signaling pathway",68,0.502626901408695,1.60755081508483,0.00377362372783933,0.17303713462704,0.166024017867637,1382,"tags=26%, list=15%, signal=23%","DKK2/KANK1/TBL1X/JRK/EGFR/EDA/COL1A1/CAPRIN2/ADGRA2/FRAT1/SMAD3/SMURF2/CSNK1G1/GPRC5B/JUP/FAM53B/TNKS/LRRK1"
"GO:0006595","polyamine metabolic process",13,-0.649671854842317,-1.85141920727296,0.00417270725922092,0.187692346526671,0.180085260661113,1681,"tags=46%, list=18%, signal=38%","OAZ2/SAT2/DHPS/HDAC10/AZIN1/AOC1"
"GO:0034968","histone lysine methylation",29,0.618362380410612,1.72257416949995,0.00414268228312924,0.187692346526671,0.180085260661113,3030,"tags=76%, list=33%, signal=51%","AUTS2/SMYD3/KANSL3/SMYD2/SETD1B/EHMT1/DOT1L/KANSL1/SETBP1/ASH1L/KMT2A/EHMT2/SETD1A/OGT/MECP2/RBBP5/SETD2/KMT2B/HCFC1/SETDB2/SETDB1/WDR5"
"GO:0052548","regulation of endopeptidase activity",164,-0.276009316141526,-1.35206856720829,0.00427031938813858,0.190270928963948,0.182559334319132,1279,"tags=23%, list=14%, signal=20%","EIF2AK3/TIMP2/LGMN/CDKN2D/RPS27L/PDCD2/S100A8/PIH1D1/PSMB8/BAX/BID/PSENEN/CD44/FURIN/PPM1F/TRIAP1/DLC1/FAM162A/CIDEB/SERPINB1/TIMP1/PSME3/LAMTOR5/CYCS/FAS/PSMB9/TIMP3/VEGFA/SPOCK1/MUL1/FADD/SNCA/MYC/PLAUR/SERPINE2/BIRC3/F3"
"GO:0034311","diol metabolic process",17,-0.608904182343534,-1.88597209019046,0.00439984542257373,0.194209999353418,0.186338755968322,1250,"tags=59%, list=13%, signal=51%","SPTLC1/SGPP1/PCBD1/QDPR/PLPP1/SPTSSA/DHFR/SPHK2/PLPP3/SPR"
"GO:0007417","central nervous system development",477,0.360063771616364,1.29741956152249,0.00450791616469188,0.197137852276294,0.189147944337218,2373,"tags=30%, list=25%, signal=24%","PLCB1/FCGR2B/EGR2/ROR2/LRP5/TACC2/UNC5C/IMMP2L/LAMB1/TULP3/IFT172/DLG5/CX3CR1/ADGRG1/P2RY12/FUT10/IGF1R/C21orf91/TFAP2A/BMP7/C3/TRAPPC9/KDM4B/EGFR/SYNE2/PHLPP2/TNF/SLC2A1/CDH1/CEP290/FKRP/NDST1/NIN/WDR37/ANXA3/C2CD3/BMPR1A/CDK5RAP1/PAX8/MNAT1/SMO/LDB1/SZT2/RTN4RL1/PROX1/MED12/JARID2/PHACTR1/EPHB2/ATXN1/DAG1/IFT122/BTD/ADGRA2/MTOR/DISC1/EXT1/STK3/OPHN1/NAV2/RAD1/EZH1/B3GNT5/VPS13B/PLXNA3/SUDS3/EED/RERE/TRA2B/DHX37/SUN1/SEMA6B/ZSWIM6/BNIP3/AGTPBP1/MSI2/TTBK2/KDM7A/GIT1/NUMB/LHX2/CHD7/PKD1/STK36/TCTN1/HERC1/HES1/NCOA1/NR4A2/ARHGAP35/AXL/NOTCH1/CSNK2A2/PCDH18/METTL3/MINK1/LAMB2/SCYL1/ABAT/AKNA/CHD8/CLUAP1/RRM1/RAPGEF2/NCOA6/SRGAP2/KIF27/KAT2A/SLC38A2/BBS7/CDK5RAP2/LRP1/PDSS2/MBD1/BBS4/GIGYF2/ROR1/MYCBP2/SUFU/SETD1A/S100A1/EPHB3/ANKLE2/FZD3/DPCD/TSC1/GSK3B/SOS1/NSUN5/CLN8/PGAP1/CEP120/NDE1/SECISBP2/HOOK3/NIPBL/PTN/ROGDI/WDR47/HOXB3/PKD2/BPTF/DOCK7/FRS2/SCYL3"
"GO:1901342","regulation of vasculature development",144,-0.287759969701549,-1.35203087056919,0.00460714804373952,0.199628992757631,0.191538120022198,352,"tags=12%, list=4%, signal=12%","FOXC1/VEGFA/SPARC/ITGB8/ADM/RGCC/TNFAIP3/C5AR1/IL10/MAPK7/DCN/MDK/ECM1/ADAMTS1/CXCL8/PRL/F3/IL1B"
"GO:0048145","regulation of fibroblast proliferation",55,-0.400334352291732,-1.66340740772834,0.00492868388971765,0.211619763737604,0.203042910480713,1300,"tags=33%, list=14%, signal=28%","CD248/BRK1/FOSL2/EMD/CTNNB1/ZMPSTE24/BAX/FN1/NUPR1/BMI1/PEX2/SOD2/CDK4/TRIM32/B4GALT7/MYC/S100A6/CDKN1A"
"GO:0046823","negative regulation of nucleocytoplasmic transport",18,-0.573472638778032,-1.78299051734581,0.00501485139287045,0.213379667824569,0.204731486451468,593,"tags=28%, list=6%, signal=26%","UFM1/CDK5/CHP1/TXN/PKIG"
"GO:0030900","forebrain development",188,0.405885695862122,1.41843198757279,0.00536032431510582,0.226042961966471,0.216881543012505,2888,"tags=45%, list=31%, signal=32%","PLCB1/TACC2/LAMB1/ADGRG1/P2RY12/FUT10/IGF1R/C21orf91/TRAPPC9/EGFR/SYNE2/PHLPP2/SLC2A1/CDH1/NDST1/NIN/WDR37/ANXA3/BMPR1A/SMO/SZT2/RTN4RL1/PROX1/PHACTR1/EPHB2/DISC1/EXT1/OPHN1/EZH1/PLXNA3/TRA2B/SUN1/SEMA6B/ZSWIM6/BNIP3/AGTPBP1/NUMB/LHX2/CHD7/TCTN1/HERC1/HES1/NCOA1/NR4A2/ARHGAP35/AXL/NOTCH1/CSNK2A2/METTL3/AKNA/RRM1/RAPGEF2/SRGAP2/KAT2A/SLC38A2/BBS4/EPHB3/DPCD/TSC1/GSK3B/NSUN5/PGAP1/CEP120/NDE1/SECISBP2/HOOK3/WDR47/DOCK7/FRS2/BMP2/METTL14/MECP2/PSEN1/PEX13/NF1/SETD2/BTG2/RYK/DYNC2H1/SRF/KDM1A/LRRK2/CDK6/CXCR4/NRP2"
"GO:0001578","microtubule bundle formation",35,0.574197211838443,1.65231660809876,0.00549560992525207,0.229697041389076,0.220387524249745,1948,"tags=40%, list=21%, signal=32%","SPAG16/ARMC2/TTLL3/DNAH1/MNS1/NAV1/NUMA1/CAPN6/NCKAP5/STK36/CLUAP1/CDK5RAP2/CCDC66/DNAL1"
"GO:0034110","regulation of homotypic cell-cell adhesion",18,-0.570981938893261,-1.77524665307783,0.00571458494148181,0.23675425156683,0.227158708892698,71,"tags=28%, list=1%, signal=28%","C1QTNF1/SH2B3/PLAUR/SERPINE2/CD9"
"GO:0009988","cell-cell recognition",27,-0.529670530059847,-1.80892823698094,0.00579549531468045,0.238018472793355,0.228371691805028,1730,"tags=48%, list=19%, signal=39%","VDAC2/FOLR2/CD81/CCT2/CCT5/LY6K/CCT8/TCP1/CCT7/ST6GALNAC6/LGALS3/CCL21/CD9"
"GO:0097049","motor neuron apoptotic process",15,-0.604805622168776,-1.80565243424719,0.00587863026022452,0.239351471715866,0.229650664884452,1683,"tags=47%, list=18%, signal=38%","ZPR1/VPS54/BAX/SLC1A1/FAS/FADD/CRLF1"
"GO:0030501","positive regulation of bone mineralization",24,0.625243683304069,1.67274727894238,0.00596054575648613,0.240612458187042,0.230860544144604,1553,"tags=50%, list=17%, signal=42%","TFAP2A/BMP7/FBN2/BMPR1A/ACVR2A/P2RX7/ADRB2/SMAD3/ACVR2B/RXRB/ISG15/ANO6"
"GO:0071216","cellular response to biotic stimulus",159,-0.279556830113453,-1.33610093159575,0.00602355864911569,0.241095487286215,0.23132399629298,639,"tags=13%, list=7%, signal=12%","MAP2K3/DDIT3/CAPN2/CDK4/LITAF/VIM/LY86/PDCD1LG2/IGFBPL1/TNFAIP3/IL10/RARA/TICAM1/SPON2/GBP2/CXCL8/CXCL1/IL1B/CXCL3/CXCL2"
"GO:0048662","negative regulation of smooth muscle cell proliferation",26,-0.513163949085313,-1.73482330347472,0.00641556219676622,0.252916797468945,0.242666194123674,554,"tags=27%, list=6%, signal=25%","SOD2/GNA13/IGFBP5/TNFAIP3/IL10/IGFBP3/CDKN1A"
"GO:1903035","negative regulation of response to wounding",39,-0.438371583624109,-1.65157723021887,0.00653310380927614,0.252916797468945,0.242666194123674,139,"tags=28%, list=1%, signal=28%","C1QTNF1/PTPN6/SH2B3/PLAU/CASK/MDK/PLAUR/TFPI/SERPINE2/THBD/CD9"
"GO:0007411","axon guidance",77,0.485027032641647,1.57229420358814,0.00651009174765098,0.252916797468945,0.242666194123674,2221,"tags=40%, list=24%, signal=31%","EGR2/UNC5C/SEMA6A/BMP7/ALCAM/PTK2/TRIO/SMO/EPHB2/RPS6KA5/DAG1/EFNA1/EXT1/OPHN1/PTPRM/PLXNA3/SEMA6B/LHX2/ENAH/ARHGAP35/NOTCH1/LAMB2/KLF7/GATA3/SEMA4D/SEMA4B/MYCBP2/USP33/EPHB3/FZD3/SOS1"
"GO:0097485","neuron projection guidance",77,0.485027032641647,1.57229420358814,0.00651009174765098,0.252916797468945,0.242666194123674,2221,"tags=40%, list=24%, signal=31%","EGR2/UNC5C/SEMA6A/BMP7/ALCAM/PTK2/TRIO/SMO/EPHB2/RPS6KA5/DAG1/EFNA1/EXT1/OPHN1/PTPRM/PLXNA3/SEMA6B/LHX2/ENAH/ARHGAP35/NOTCH1/LAMB2/KLF7/GATA3/SEMA4D/SEMA4B/MYCBP2/USP33/EPHB3/FZD3/SOS1"
"GO:0046888","negative regulation of hormone secretion",26,-0.508935272021085,-1.72052766262355,0.00680145360968392,0.252939097626277,0.242687590465721,964,"tags=31%, list=10%, signal=28%","TSPO/PSMD9/JAGN1/CRY1/PTPN11/UCP2/OSM/IL1B"
"GO:0002433","immune response-regulating cell surface receptor signaling pathway involved in phagocytosis",21,0.628727411568497,1.64707910133491,0.00677130000579173,0.252939097626277,0.242687590465721,1573,"tags=33%, list=17%, signal=28%","FCGR2B/PRKCE/PTK2/PLD2/YES1/VAV3/VAV2"
"GO:0038096","Fc-gamma receptor signaling pathway involved in phagocytosis",21,0.628727411568497,1.64707910133491,0.00677130000579173,0.252939097626277,0.242687590465721,1573,"tags=33%, list=17%, signal=28%","FCGR2B/PRKCE/PTK2/PLD2/YES1/VAV3/VAV2"
"GO:0021537","telencephalon development",139,0.432296845853372,1.47273108491638,0.00669924692326536,0.252939097626277,0.242687590465721,1355,"tags=27%, list=15%, signal=24%","PLCB1/TACC2/LAMB1/ADGRG1/P2RY12/FUT10/IGF1R/TRAPPC9/EGFR/SYNE2/PHLPP2/SLC2A1/NIN/WDR37/ANXA3/SMO/SZT2/RTN4RL1/PROX1/PHACTR1/EPHB2/DISC1/EXT1/EZH1/PLXNA3/TRA2B/SUN1/SEMA6B/ZSWIM6/BNIP3/AGTPBP1/NUMB/LHX2/CHD7/TCTN1/HERC1/HES1/NCOA1"
"GO:0007596","blood coagulation",114,-0.302766136311322,-1.38514977772789,0.00661028641588859,0.252939097626277,0.242687590465721,911,"tags=17%, list=10%, signal=15%","C1QTNF1/ILK/MYL12A/FBLN1/PTPN6/SH2B3/PLAU/COL3A1/GNA13/VKORC1/P2RY1/MYL9/ENPP4/PLAUR/TFPI/SERPINE2/THBD/F3/CD9"
"GO:0006858","extracellular transport",12,0.725919697639361,1.6967240121729,0.00720845811056125,0.263876258839056,0.253181473484101,2288,"tags=75%, list=25%, signal=57%","SPAG16/DNAH1/RFX3/NPHP3/STK36/KIF27/WWP2/DPCD/ARRDC1"
"GO:0060998","regulation of dendritic spine development",32,0.585425085432198,1.66178097066481,0.00726316189902123,0.263876258839056,0.253181473484101,1486,"tags=38%, list=16%, signal=32%","DLG5/TIAM1/C21orf91/CDKL5/EPHB2/CPEB3/CAPRIN2/EFNA1/DISC1/TANC2/MAPK6/ZMYND8"
"GO:0007599","hemostasis",117,-0.299430562263562,-1.36159875437324,0.00716232687672801,0.263876258839056,0.253181473484101,911,"tags=16%, list=10%, signal=15%","C1QTNF1/ILK/MYL12A/FBLN1/PTPN6/SH2B3/PLAU/COL3A1/GNA13/VKORC1/P2RY1/MYL9/ENPP4/PLAUR/TFPI/SERPINE2/THBD/F3/CD9"
"GO:0061077","chaperone-mediated protein folding",65,-0.360877075654069,-1.49680267635171,0.00738267833028087,0.266170914152035,0.255383127455678,2113,"tags=42%, list=23%, signal=32%","PPIB/HSPE1/PDCD5/CCT4/PFDN5/DNAJC7/PEX19/CLU/HSPA8/HSPB6/UNC45A/CCT2/CCT5/PFDN4/HSPA5/HSPA13/HSPH1/CRTAP/FKBP4/CCT8/DFFA/CCT6A/TCP1/CCT7/SDF2L1/PFDN6/HSPA2"
"GO:0043087","regulation of GTPase activity",183,0.396086415471787,1.37683728448083,0.00761189990829308,0.272356085355062,0.261317616468913,2434,"tags=38%, list=26%, signal=28%","SLC27A4/DOCK9/AGAP1/RAP1GAP2/SIPA1L1/TIAM1/GARNL3/TBC1D16/ADRB1/MET/NET1/RASA4/PTK2/TBC1D22A/TBC1D2/SGSM2/RGL3/CDKL5/GNB5/AGAP4/TIAM2/TBCK/F2RL1/ARHGAP25/LRCH1/ABR/PLXNA3/TBC1D17/SIPA1L3/ARHGAP22/TBC1D5/TBC1D2B/RALGPS2/RAPGEF1/DOCK10/RALGAPA2/PBXIP1/ARHGAP27/AGAP5/RALGPS1/BVES/TBC1D12/VAV3/BCAR3/RAPGEF6/VAV2/RAPGEF2/SRGAP2/SIPA1L2/ALS2CL/C9orf72/FGD2/SEMA4D/FGD6/FGD5/EPHB3/CCL4/CCDC125/TSC1/GSK3B/SOS2/SOS1/CCL3/DOCK7/LIMS1/ARHGEF7/FGD3/AGAP3/DOCK8"
"GO:0050804","modulation of chemical synaptic transmission",197,0.399067348513722,1.39606239048535,0.00770157930880096,0.273492925379451,0.262408380881584,1913,"tags=31%, list=21%, signal=26%","PLCB1/SYN3/EGR2/ROR2/PRKCE/BTBD9/SIPA1L1/CX3CR1/DYSF/MME/AKAP12/STX3/TNF/CDH1/ABHD6/TRIO/SLC4A8/CDKL5/PRKCZ/EPHB2/CELF4/CPEB3/DAG1/DNM1/MCTP2/DISC1/STXBP5/OPHN1/ADRB2/SYT11/SYNE1/DGKE/ABR/SLC38A1/AKAP7/RETN/FBXL20/PLCL2/GIT1/SYAP1/PRKCB/CLN3/PTPRA/SLC6A6/TSHZ3/RGS14/CLSTN1/PLCL1/ZMYND8/BRAF/GRIA4/S1PR2/PDE9A/RAPGEF2/CACNB4/KAT2A/SYT1/SLC38A2/NEFH/KMT2A/ERC1/PTK2B"
"GO:0046827","positive regulation of protein export from nucleus",15,-0.586375373505415,-1.7506287669019,0.00794602997089199,0.275949261415609,0.264765162729799,1435,"tags=27%, list=15%, signal=23%","PPM1A/EMD/BAG3/IL1B"
"GO:0048525","negative regulation of viral process",58,0.496615711209095,1.54512333237701,0.0079141740239463,0.275949261415609,0.264765162729799,1556,"tags=33%, list=17%, signal=27%","MX1/RSAD2/OAS2/IFIT1/OAS3/TNF/CIITA/TRIM25/PROX1/OAS1/TRIM21/MAVS/ZC3HAV1/LY6E/FAM111A/INPP5K/ISG15/TRIM14/IFIT5"
"GO:0050817","coagulation",115,-0.299727707512032,-1.37478683181444,0.00784728608914045,0.275949261415609,0.264765162729799,911,"tags=17%, list=10%, signal=15%","C1QTNF1/ILK/MYL12A/FBLN1/PTPN6/SH2B3/PLAU/COL3A1/GNA13/VKORC1/P2RY1/MYL9/ENPP4/PLAUR/TFPI/SERPINE2/THBD/F3/CD9"
"GO:0045324","late endosome to vacuole transport",33,-0.442610225769891,-1.60087493887917,0.00804167232296962,0.277232250959018,0.265996153287624,2382,"tags=55%, list=26%, signal=41%","VPS36/TSG101/PTPN23/LEPROTL1/TMEM50A/CHMP2A/CHMP7/MVB12A/VPS28/CHMP2B/TMEM50B/CHMP6/CHMP4A/CHMP5/VPS25/LEPROT/VTA1/VPS37A"
"GO:0045765","regulation of angiogenesis",143,-0.288636401929287,-1.35459093619841,0.00811417187862723,0.27770459262867,0.26644935116316,352,"tags=13%, list=4%, signal=12%","FOXC1/VEGFA/SPARC/ITGB8/ADM/RGCC/TNFAIP3/C5AR1/IL10/MAPK7/DCN/MDK/ECM1/ADAMTS1/CXCL8/PRL/F3/IL1B"
"GO:0006670","sphingosine metabolic process",11,-0.650590192184442,-1.77268101915135,0.00830757635342514,0.282278295807388,0.27083768422185,1250,"tags=55%, list=13%, signal=47%","SPTLC1/SGPP1/PLPP1/SPTSSA/SPHK2/PLPP3"
"GO:0006122","mitochondrial electron transport, ubiquinol to cytochrome c",11,-0.647630280972328,-1.76461606753185,0.00868806880536105,0.293098206912288,0.28121906922616,2173,"tags=91%, list=23%, signal=70%","UQCR11/UQCRQ/UQCRH/UQCR10/CYC1/UQCRB/UQCRFS1/UQCRC1/UQCRC2/CYCS"
"GO:0006882","intracellular zinc ion homeostasis",21,-0.527690048304373,-1.73968743138436,0.00889177392773979,0.297842895466064,0.285771457700036,1258,"tags=43%, list=14%, signal=37%","SLC39A7/TMC8/S100A8/MT1X/SLC39A13/SLC1A1/SLC30A1/MT1E/MT1F"
"GO:0036499","PERK-mediated unfolded protein response",17,0.660094608354782,1.65997694628194,0.00939053805232472,0.312334586064293,0.299675806636456,151,"tags=12%, list=2%, signal=12%","AGR2/ABCA7"
"GO:0044743","protein transmembrane import into intracellular organelle",34,-0.437685221173065,-1.60287163546679,0.00968441807521453,0.319856689295372,0.306893042427667,1376,"tags=35%, list=15%, signal=30%","DNAJC15/PAM16/TIMM50/ROMO1/PEX2/TOMM40L/PEX6/TIMM23B/PEX7/TIMM17A/GRPEL2/TIMM23"
"GO:0060043","regulation of cardiac muscle cell proliferation",15,0.681084192841884,1.66896034379454,0.00978620248195322,0.320973849460174,0.307964924596554,1940,"tags=47%, list=21%, signal=37%","RBP4/BMPR1A/JARID2/TGFBR3/NOTCH1/PIM1/SAV1"
"GO:0010155","regulation of proton transport",10,-0.66776666399962,-1.74675468981247,0.0100007942796256,0.323518845086792,0.31040677270215,701,"tags=80%, list=8%, signal=74%","TMSB4X/NDUFA4/TCIRG1/PHB2/COX17/CHP1/SPHK2/PPIF"
"GO:0042476","odontogenesis",48,0.514121973219684,1.55275509745269,0.0099445587212645,0.323518845086792,0.31040677270215,1211,"tags=33%, list=13%, signal=29%","CSF3R/LAMB1/LAMA5/TFAP2A/BMP7/COL1A2/EDA/BMPR1A/SMO/MSX2/COL1A1/PERP/ACVR2A/ACVR2B/STIM1/PRKCB"
"GO:0006123","mitochondrial electron transport, cytochrome c to oxygen",15,-0.577677297358145,-1.7246605850714,0.0102952385535024,0.326338333477799,0.313111988504613,2456,"tags=87%, list=26%, signal=64%","COX6B1/COX5B/COX7C/NDUFA4/COX7A2L/COX7A2/COX5A/COX6A1/COX4I1/COX7B/COX6C/CYCS/COX7A1"
"GO:0003044","regulation of systemic arterial blood pressure mediated by a chemical signal",14,0.694285336213118,1.6763617169143,0.010233671618736,0.326338333477799,0.313111988504613,944,"tags=43%, list=10%, signal=39%","RPS6KA2/PDE4D/ADRB1/F2RL1/ADRB2/SLC2A5"
"GO:0048048","embryonic eye morphogenesis",17,0.657507977381086,1.65347220024928,0.0101781418208949,0.326338333477799,0.313111988504613,1297,"tags=47%, list=14%, signal=41%","IFT172/TFAP2A/BMP7/FBN2/PROX1/FBN1/PHACTR4/HIPK2"
"GO:1902622","regulation of neutrophil migration",26,-0.492837172658093,-1.66610576107269,0.010567710374853,0.332741974002873,0.319256092377139,293,"tags=23%, list=3%, signal=22%","RAC2/IL1R1/C5AR1/MDK/CXCL8/CCL21"
"GO:0045821","positive regulation of glycolytic process",13,0.67009362644139,1.59445844651803,0.0108188119919805,0.336166112092919,0.322541451699971,732,"tags=38%, list=8%, signal=35%","RPTOR/INSR/ZBTB20/P2RX7/MTOR"
"GO:0048596","embryonic camera-type eye morphogenesis",13,0.669977990919409,1.59418329685615,0.0108188119919805,0.336166112092919,0.322541451699971,1297,"tags=46%, list=14%, signal=40%","IFT172/TFAP2A/BMP7/PROX1/PHACTR4/HIPK2"
"GO:0071326","cellular response to monosaccharide stimulus",64,0.499074537448901,1.58318792156528,0.0110666550092613,0.341619683717263,0.327773992534366,1522,"tags=22%, list=16%, signal=18%","PLCB1/LRP5/PRKCE/TIAM1/IGF1R/STXBP4/ZBTB20/SLC2A5/SLC12A6/TRA2B/GCLC/SIDT2/UNC13B/NADK"
"GO:0021953","central nervous system neuron differentiation",70,0.484572097018977,1.5518192996166,0.0112706784795287,0.345658535446846,0.331649151431109,2373,"tags=43%, list=25%, signal=32%","TULP3/IFT172/C21orf91/NIN/BMPR1A/SMO/LDB1/SZT2/PROX1/EPHB2/DISC1/OPHN1/PLXNA3/ZSWIM6/AGTPBP1/TCTN1/HERC1/HES1/NR4A2/ARHGAP35/SCYL1/RAPGEF2/GIGYF2/MYCBP2/SUFU/EPHB3/CLN8/SECISBP2/WDR47/SCYL3"
"GO:1900103","positive regulation of endoplasmic reticulum unfolded protein response",11,0.723127663969263,1.6487731550444,0.0114840366977961,0.349929711765747,0.335747218906703,6,"tags=9%, list=0%, signal=9%","AGR2"
"GO:0090630","activation of GTPase activity",60,0.509392664196477,1.59413556593756,0.0116854424430192,0.351530857696685,0.337283471117651,1260,"tags=37%, list=14%, signal=32%","SLC27A4/AGAP1/RAP1GAP2/SIPA1L1/TIAM1/GARNL3/TBC1D16/TBC1D22A/TBC1D2/SGSM2/AGAP4/TIAM2/TBCK/ARHGAP25/ABR/TBC1D17/SIPA1L3/ARHGAP22/TBC1D5/TBC1D2B/RALGAPA2/AGAP5"
"GO:0051321","meiotic cell cycle",118,0.435873587808776,1.46740430662189,0.0116238468256311,0.351530857696685,0.337283471117651,2595,"tags=35%, list=28%, signal=25%","PLCB1/TEX14/RPS6KA2/RAD51B/RAD51AP1/PTTG1/MNS1/INSR/MSX2/NUMA1/TUBGCP5/RAD1/CDK2/SLX4/CHFR/SUN1/SMC1A/NSUN2/ORC4/TUBGCP6/HUS1/FIGNL1/RMI1/FZR1/METTL3/TOP3A/RAD51D/EME2/FANCM/ANAPC4/EHMT2/CKS2/SMC2/ANAPC1/MYH9/NCAPD2/CENPC/NCAPH2/FOXJ2/AGO4/SMC4"
"GO:0099177","regulation of trans-synaptic signaling",198,0.39691870057774,1.38934786652514,0.0117950971838119,0.352583822779391,0.338293760002068,1913,"tags=31%, list=21%, signal=25%","PLCB1/SYN3/EGR2/ROR2/PRKCE/BTBD9/SIPA1L1/CX3CR1/DYSF/MME/AKAP12/STX3/TNF/CDH1/ABHD6/TRIO/SLC4A8/CDKL5/PRKCZ/EPHB2/CELF4/CPEB3/DAG1/DNM1/MCTP2/DISC1/STXBP5/OPHN1/ADRB2/SYT11/SYNE1/DGKE/ABR/SLC38A1/AKAP7/RETN/FBXL20/PLCL2/GIT1/SYAP1/PRKCB/CLN3/PTPRA/SLC6A6/TSHZ3/RGS14/CLSTN1/PLCL1/ZMYND8/BRAF/GRIA4/S1PR2/PDE9A/RAPGEF2/CACNB4/KAT2A/SYT1/SLC38A2/NEFH/KMT2A/ERC1/PTK2B"
"GO:0097212","lysosomal membrane organization",11,-0.63611130623835,-1.73322999974862,0.0119856794516626,0.35602744685662,0.341597815553841,2999,"tags=91%, list=32%, signal=62%","LAPTM5/CHMP3/CHMP4B/CHMP1B/CHMP2A/CHMP7/CHMP2B/CHMP6/CHMP4A/CHMP5"
"GO:0032689","negative regulation of type II interferon production",19,-0.539849932731689,-1.71708447643044,0.0123723831883387,0.358324451645168,0.343801723777806,1085,"tags=32%, list=12%, signal=28%","LILRB1/DDIT3/PDCD1LG2/IL1RL1/IL10/RARA"
"GO:0019081","viral translation",19,-0.539703696447391,-1.71661934707054,0.0123723831883387,0.358324451645168,0.343801723777806,1719,"tags=37%, list=18%, signal=30%","MCTS1/PCBP2/EIF2D/FURIN/PAIP1/EIF3F/EIF3L"
"GO:0070203","regulation of establishment of protein localization to telomere",10,-0.655012588703555,-1.71339237623996,0.01258161228263,0.358324451645168,0.343801723777806,2600,"tags=90%, list=28%, signal=65%","CCT3/DKC1/CCT4/CCT2/CCT5/CCT8/CCT6A/TCP1/CCT7"
"GO:0070169","positive regulation of biomineral tissue development",27,0.597906008460318,1.6483850024427,0.0125589865472155,0.358324451645168,0.343801723777806,1553,"tags=44%, list=17%, signal=37%","TFAP2A/BMP7/FBN2/BMPR1A/ACVR2A/P2RX7/ADRB2/SMAD3/ACVR2B/RXRB/ISG15/ANO6"
"GO:0045048","protein insertion into ER membrane",24,-0.484209678700223,-1.64215514059458,0.0126699520272587,0.358324451645168,0.343801723777806,2086,"tags=67%, list=22%, signal=52%","EMC9/EMC8/EMC10/CAMLG/SEC61A1/EMC6/TMEM147/SGTA/TMCO1/NCLN/TRAM1/EMC2/NOMO1/MMGT1/UBL4A/EMC7"
"GO:0032720","negative regulation of tumor necrosis factor production",35,-0.442614363242843,-1.62117212476775,0.0126008049242547,0.358324451645168,0.343801723777806,1373,"tags=34%, list=15%, signal=29%","CLEC4A/IRAK3/LILRB1/GPNMB/TSPO/BCL3/CD33/POMC/PTPN6/TNFAIP3/IL10/RARA"
"GO:1903556","negative regulation of tumor necrosis factor superfamily cytokine production",35,-0.442614363242843,-1.62117212476775,0.0126008049242547,0.358324451645168,0.343801723777806,1373,"tags=34%, list=15%, signal=29%","CLEC4A/IRAK3/LILRB1/GPNMB/TSPO/BCL3/CD33/POMC/PTPN6/TNFAIP3/IL10/RARA"
"GO:0051205","protein insertion into membrane",57,-0.348345214883554,-1.44413115274994,0.0124484888664585,0.358324451645168,0.343801723777806,2383,"tags=47%, list=26%, signal=35%","SEC61A1/MTX2/HSP90AA1/NDUFA13/EMC6/PDCD5/TMEM147/SGTA/TIMM13/TIMM8A/TOMM22/TMCO1/NCLN/MTCH1/TRAM1/EMC2/HSPA4/TIMM8B/TIMM9/BAX/OXA1L/NOMO1/ROMO1/MTX1/MMGT1/UBL4A/EMC7"
"GO:0043567","regulation of insulin-like growth factor receptor signaling pathway",11,-0.628446532102977,-1.71234557851221,0.0128734995603342,0.360347091533707,0.345742386986997,768,"tags=36%, list=8%, signal=33%","IGFBP1/IGFBP5/IGFBP6/IGFBP3"
"GO:2000243","positive regulation of reproductive process",29,0.581689942384783,1.62041563515649,0.0128940627713734,0.360347091533707,0.345742386986997,1041,"tags=31%, list=11%, signal=28%","PLCB1/UNC5C/RAD51AP1/INSR/MSX2/AGO2/SMURF2/DHX37/RETN"
"GO:0071816","tail-anchored membrane protein insertion into ER membrane",14,-0.585668377688615,-1.70618664290821,0.0130511187138555,0.360470372430056,0.345860671364407,3046,"tags=79%, list=33%, signal=53%","EMC4/EMC9/EMC8/EMC10/CAMLG/EMC6/SGTA/EMC2/MMGT1/UBL4A/EMC7"
"GO:0032511","late endosome to vacuole transport via multivesicular body sorting pathway",24,-0.481295811884587,-1.6322730139441,0.0130243505817066,0.360470372430056,0.345860671364407,2382,"tags=67%, list=26%, signal=50%","VPS36/TSG101/PTPN23/LEPROTL1/TMEM50A/CHMP7/MVB12A/VPS28/TMEM50B/CHMP6/CHMP4A/CHMP5/VPS25/LEPROT/VTA1/VPS37A"
"GO:1902230","negative regulation of intrinsic apoptotic signaling pathway in response to DNA damage",22,-0.520547658283699,-1.75607599602018,0.0134453747082454,0.36217096160666,0.347492336431276,1713,"tags=41%, list=18%, signal=33%","TMEM161A/BCL2L1/CLU/CDKN2D/BID/CD44/TRIAP1/TRIM32/CXCL12"
"GO:0039530","MDA-5 signaling pathway",10,0.736316925025816,1.64291179898465,0.0134961018934517,0.36217096160666,0.347492336431276,2190,"tags=90%, list=24%, signal=69%","OAS3/DHX58/TKFC/IRF7/DDX60/RIOK3/ANKRD17/IFIH1/IRF3"
"GO:0046579","positive regulation of Ras protein signal transduction",25,0.594686148205468,1.6078971158329,0.0133879206049569,0.36217096160666,0.347492336431276,1465,"tags=32%, list=16%, signal=27%","AUTS2/ADGRG1/NET1/STK19/F2RL1/LPAR2/ITPKB/NOTCH1"
"GO:0031623","receptor internalization",73,-0.343573661649223,-1.46583013624714,0.0133081208673367,0.36217096160666,0.347492336431276,316,"tags=11%, list=3%, signal=11%","VEGFA/ADM/SNCA/MTMR2/DKK1/RAMP1/CXCL8/CD9"
"GO:0007017","microtubule-based process",484,0.345074208731534,1.24410623289335,0.0132534950119436,0.36217096160666,0.347492336431276,2842,"tags=35%, list=31%, signal=26%","GOLGA8A/SPAG16/ARMC2/TACC2/IFT172/HAUS8/CENPJ/KATNAL2/TTLL3/DNAH1/SASS6/BORCS5/MNS1/MET/MAPK8IP3/RACGAP1/NAV1/SYNE2/GEN1/CEP295/PEX14/NIN/PCNT/C2CD3/SIK3/NUMA1/WDR73/TTLL5/PRKCZ/POC1B/BICD1/CAPN6/UVRAG/CUL9/CROCC/DAG1/IFT122/TTLL4/DISC1/NCKAP5/TUBGCP5/AKAP9/RFX3/RTTN/KIZ/SAC3D1/CEP85/CDK2/WEE1/INPP5B/CCDC88B/WDPCP/PDE4DIP/SUN1/BLOC1S5/CETN3/AGTPBP1/NAT10/RABGEF1/TTBK2/CATSPER2/LZTFL1/RMDN1/CDC14A/KIF13B/AP3S2/ALMS1/SMC1A/KLHL42/TRAF3IP1/NPHP3/GIT1/PKD1/CLN3/OBSL1/STK36/TUBGCP6/CENPE/MAP7D3/RGS14/TNKS/FIGNL1/BORCS7/HOOK2/TERF2/KIF1B/CEP350/TRIM36/CLUAP1/KIF13A/ASH1L/TUBD1/HAUS7/KATNBL1/SRGAP2/SPG7/ARHGAP21/KIF27/KAT2A/CCSAP/SPATA7/MAP7/CCDC88A/CDK5RAP2/BBS4/NEFH/VPS13A/STAG1/CCDC66/MACF1/DNAL1/KIF3C/PIBF1/CEP250/RANBP9/ODF2/DRG1/TRAK1/USP33/AP3B1/FLOT2/PEX1/DPCD/CLASP1/ZBED3/GSK3B/CUL7/CEP120/NDE1/NAV3/HOOK3/MYH9/CETN2/KIFC3/WDR47/PKD2/NEK6/DLG1/DOCK7/CFAP20/ARHGEF7/CAMSAP1/ARHGEF2/PPP2R3C/MECP2/PEX13/CDC14B/DTNBP1/KIF22/DLG2/LZTS2/CCNL1/ABL1/GADD45A/EML2/SPAST/SETD2/BICD2/DCTN1/DYNC2H1/MDM1/MARK2/CCDC57/APBA1/TMF1/AXIN1/DDB1/CEP68/TTL/CEP192"
"GO:0021799","cerebral cortex radially oriented cell migration",21,0.60501226878824,1.58495247007973,0.0138025142753039,0.366231881585733,0.351388669161345,1003,"tags=33%, list=11%, signal=30%","LAMB1/ADGRG1/P2RY12/FUT10/SYNE2/DISC1/SUN1"
"GO:0021543","pallium development",101,0.443705632370572,1.47670178418213,0.0137542200317303,0.366231881585733,0.351388669161345,1036,"tags=23%, list=11%, signal=20%","PLCB1/TACC2/LAMB1/ADGRG1/P2RY12/FUT10/IGF1R/TRAPPC9/EGFR/SYNE2/PHLPP2/SLC2A1/ANXA3/SMO/PROX1/PHACTR1/DISC1/EZH1/PLXNA3/TRA2B/SUN1/SEMA6B/BNIP3"
"GO:0071322","cellular response to carbohydrate stimulus",73,0.47888614541045,1.54683660921994,0.0139997996006209,0.367404066738861,0.352513346180683,1328,"tags=21%, list=14%, signal=18%","PLCB1/RPS6KA2/LRP5/PRKCE/TIAM1/IGF1R/STXBP4/ZBTB20/SLC2A5/SLC12A6/TRA2B/GCLC/PRKCB/SIDT2/UNC13B"
"GO:0009887","animal organ morphogenesis",426,0.354781482892735,1.27404216815347,0.0140022722873163,0.367404066738861,0.352513346180683,1528,"tags=23%, list=16%, signal=21%","SOX5/LRP5/CSF3R/ITGB4/EPHB4/SEMA6A/LAMB1/TULP3/HS3ST3A1/WWOX/IFT172/DLG5/TIAM1/LAMA5/DSP/RYR1/RDH13/FOLR1/TFAP2A/BMP7/TENM3/SMURF1/COL1A2/EGFR/JAG1/PHLDA2/RBP4/TNF/PTK2/PRKX/INSR/CEP290/EDA/NDST1/FBN2/C2CD3/BMPR1A/PPARGC1B/PAX8/CHST11/SMO/MSX2/COL1A1/PROX1/MED12/PERP/SOBP/EPHB2/RING1/FBN1/DAG1/ACVR2A/BTRC/IFT122/P2RX7/EFNA1/MTOR/EXOC4/EXT1/ANXA6/ZHX2/TTC39C/SMAD3/ACVR2B/TGFBR3/PHACTR4/ERRFI1/FGL1/SMURF2/PTPRM/HLX/WDPCP/BLOC1S5/AGTPBP1/LEMD2/VPS33B/GMNN/STIM1/NPHP3/EVL/LRIG3/PRKCB/STX2/CHD7/PKD1/PTCD2/HIPK2/POLB/HPN/HES1/EP300/PRICKLE2/MTHFD1L/ADGRG6/FBXW7/FLVCR1/NOTCH1/BRAF/IL7/CFLAR"
"GO:0097009","energy homeostasis",38,0.531075390112993,1.54685271031346,0.0142100255844251,0.370795308481987,0.355767142430648,814,"tags=26%, list=9%, signal=24%","NR4A3/FMO4/SLC25A25/GDF15/SORL1/ADRB1/RASAL2/CRTC1/TMEM18/ADRB2"
"GO:0043388","positive regulation of DNA binding",25,-0.460459610871936,-1.56772691389629,0.0143214908727766,0.371650557099581,0.35658772820881,427,"tags=20%, list=5%, signal=19%","LAMTOR5/FOXC1/TXN/PLAUR/HAND2"
"GO:0042832","defense response to protozoan",16,-0.554502644494031,-1.68066426440456,0.0145760316804691,0.374144552319868,0.358980642931462,1243,"tags=44%, list=13%, signal=38%","BATF2/BCL3/GBP1/BPGM/BATF/IL10/GBP2"
"GO:0045995","regulation of embryonic development",55,0.503370984327856,1.55864362527553,0.0145475478013356,0.374144552319868,0.358980642931462,2322,"tags=47%, list=25%, signal=36%","PLCB1/LAMA5/RACGAP1/JAG1/PHLDA2/RBM19/INSR/TADA2A/DAG1/EHMT1/INO80E/WDPCP/NPHP3/YEATS2/HES1/NOTCH1/NFRKB/AMOT/INO80C/KAT2A/CCSAP/CLASP1/ZBED3/NIPBL/INO80D/MBIP"
"GO:0048667","cell morphogenesis involved in neuron differentiation",247,0.3821540671825,1.34874055433039,0.014825250397873,0.378484635833266,0.363144824824144,3219,"tags=45%, list=35%, signal=30%","AUTS2/EGR2/UNC5C/SEMA6A/SIPA1L1/TIAM1/TNIK/IGF1R/AFG3L2/BMP7/SMURF1/ALCAM/PTK2/CDH1/TRIO/NIN/CDKL5/SMO/SZT2/PARP6/PHACTR1/EPHB2/RPS6KA5/DAG1/CAPRIN2/EFNA1/DISC1/TIAM2/EXT1/OPHN1/SYNE1/PTPRM/PLXNA3/RERE/WDPCP/SEMA6B/TANC2/KIF13B/NUMB/DOCK10/LHX2/OBSL1/ENAH/TCTN1/HES1/NR4A2/DIP2B/CUX1/ARHGAP35/NOTCH1/BRAF/MINK1/SLC11A2/LAMB2/FBXW8/RAPGEF2/DNM2/C9orf72/NEFH/KLF7/GATA3/MACF1/SEMA4D/SEMA4B/MYCBP2/TRAK1/USP33/EPHB3/FZD3/GSK3B/SOS1/CUL7/PTN/WDR47/DOCK7/EFNB1/ULK1/NOTCH2/NEDD4/PSEN1/METRN/DTNBP1/ABL1/SPAST/RYK/KIDINS220/SRF/MARK2/ZDHHC17/ANAPC2/TTL/ULK2/LRRK2/NRP2/CABP4/NRDC/DIP2A/LMO4/TAOK2/USP9X/EEF2K/SHTN1/SLC9A6/NEDD4L/SLC1A3/BAIAP2/YTHDF1/CTTN/SCRIB/UNK/GOLGA4/STAU2"
"GO:0090022","regulation of neutrophil chemotaxis",20,-0.51227482387394,-1.65331423368134,0.0154313012064718,0.39183890106541,0.37595784772983,293,"tags=30%, list=3%, signal=29%","BST1/RAC2/C5AR1/MDK/CXCL8/CCL21"
"GO:0007622","rhythmic behavior",21,0.600724313253692,1.57371929999926,0.0155398669588403,0.392485516826754,0.376578256446989,1459,"tags=33%, list=16%, signal=28%","EGR2/BTBD9/ADRB1/MTOR/PER3/EGR1/MTA1"
"GO:0042255","ribosome assembly",54,-0.374686930651739,-1.53578688916567,0.0158112854927541,0.397216496714241,0.381117491860617,2287,"tags=41%, list=25%, signal=31%","ABT1/MRPS7/C1QBP/RPL38/EIF6/RPL5/RPS5/FASTKD2/BRIX1/NIP7/RPL23A/PPAN/RPS27L/MTERF3/MRPL20/RPLP0/RRP7A/RPF2/NGRN/NOA1/MPV17L2/DDX28"
"GO:0043248","proteasome assembly",11,-0.62169371433024,-1.69394598989971,0.0159324586082545,0.398142867760772,0.382006317507856,1297,"tags=45%, list=14%, signal=39%","PSMD5/POMP/PSMD9/PSMG1/PSMD10"
"GO:0051469","vesicle fusion with vacuole",10,-0.638622061001508,-1.67051777246659,0.0164693825257613,0.403546537550556,0.387190979006462,2959,"tags=90%, list=32%, signal=61%","CHMP3/CHMP4B/CHMP1B/CHMP2A/CHMP7/CHMP2B/CHMP6/CHMP4A/CHMP5"
"GO:0061763","multivesicular body-lysosome fusion",10,-0.638622061001508,-1.67051777246659,0.0164693825257613,0.403546537550556,0.387190979006462,2959,"tags=90%, list=32%, signal=61%","CHMP3/CHMP4B/CHMP1B/CHMP2A/CHMP7/CHMP2B/CHMP6/CHMP4A/CHMP5"
"GO:0060999","positive regulation of dendritic spine development",22,0.621437220872621,1.63315205563068,0.0165692028879653,0.403546537550556,0.387190979006462,1486,"tags=41%, list=16%, signal=34%","DLG5/TIAM1/C21orf91/CDKL5/EPHB2/CPEB3/CAPRIN2/MAPK6/ZMYND8"
"GO:1902563","regulation of neutrophil activation",11,0.700018778985356,1.59608355249851,0.0167518188931884,0.403546537550556,0.387190979006462,366,"tags=18%, list=4%, signal=17%","FCGR2B/TNF"
"GO:0007549","dosage compensation",29,0.570955446884266,1.5905125148219,0.0169176824973555,0.403546537550556,0.387190979006462,1079,"tags=21%, list=12%, signal=18%","XIST/CDYL/KANSL3/JARID2/YTHDC1/KANSL1"
"GO:0009048","dosage compensation by inactivation of X chromosome",29,0.570955446884266,1.5905125148219,0.0169176824973555,0.403546537550556,0.387190979006462,1079,"tags=21%, list=12%, signal=18%","XIST/CDYL/KANSL3/JARID2/YTHDC1/KANSL1"
"GO:0038094","Fc-gamma receptor signaling pathway",24,0.586105655804374,1.56803925749173,0.0166963953555255,0.403546537550556,0.387190979006462,1740,"tags=33%, list=19%, signal=27%","FCGR2B/PRKCE/PTK2/PLD2/YES1/VAV3/VAV2/FCGR3A"
"GO:0051783","regulation of nuclear division",72,0.47751028035779,1.53708255021531,0.0168162972134964,0.403546537550556,0.387190979006462,817,"tags=19%, list=9%, signal=18%","PLCB1/TEX14/RPS6KA2/LRP5/RAD51AP1/BMP7/ZWINT/GEN1/TNF/INSR/MSX2/CUL9/SH2B1/RAD1"
"GO:0071103","DNA conformation change",63,0.47200927197228,1.49272005305535,0.0166322957680314,0.403546537550556,0.387190979006462,1893,"tags=29%, list=20%, signal=23%","MCM2/RTEL1/MCM7/MNAT1/RECQL5/ASCC1/HELQ/NAV2/MTERF1/WRN/IGHMBP2/TOP3A/CHD8/CHD1L/FANCM/SUPV3L1/DDX3X/MCM4"
"GO:1904814","regulation of protein localization to chromosome, telomeric region",12,-0.64741069958181,-1.79248017662833,0.0175224367897918,0.408251542628145,0.391705292357481,1329,"tags=83%, list=14%, signal=72%","CCT3/DKC1/CCT4/CCT2/CCT5/CCT8/GNL3/CCT6A/TCP1/CCT7"
"GO:0045723","positive regulation of fatty acid biosynthetic process",12,-0.645943662746441,-1.78841840494695,0.0180657574442689,0.408251542628145,0.391705292357481,1588,"tags=50%, list=17%, signal=42%","NR1H2/KAT2B/ELOVL5/PTGS2/MID1IP1/IL1B"
"GO:0045050","protein insertion into ER membrane by stop-transfer membrane-anchor sequence",11,-0.613077968993417,-1.67047043123328,0.0172070291148058,0.408251542628145,0.391705292357481,3333,"tags=82%, list=36%, signal=53%","WNK1/EMC4/EMC9/EMC8/EMC10/EMC6/EMC2/MMGT1/EMC7"
"GO:0001771","immunological synapse formation",10,-0.630874320147549,-1.65025110837311,0.0177661584790468,0.408251542628145,0.391705292357481,124,"tags=30%, list=1%, signal=30%","CD81/LGALS3/CCL21"
"GO:0010574","regulation of vascular endothelial growth factor production",14,-0.563190551272945,-1.64070356638736,0.017991079701215,0.408251542628145,0.391705292357481,1402,"tags=43%, list=15%, signal=36%","HIF1A/EIF2AK3/CYP1B1/PTGS2/C5AR1/IL1B"
"GO:0010575","positive regulation of vascular endothelial growth factor production",14,-0.563190551272945,-1.64070356638736,0.017991079701215,0.408251542628145,0.391705292357481,1402,"tags=43%, list=15%, signal=36%","HIF1A/EIF2AK3/CYP1B1/PTGS2/C5AR1/IL1B"
"GO:0086091","regulation of heart rate by cardiac conduction",15,0.658679297776638,1.61405834817672,0.0176308313891071,0.408251542628145,0.391705292357481,1283,"tags=40%, list=14%, signal=35%","KCNJ2/DSP/ANK2/AKAP9/JUP/DSC2"
"GO:0002021","response to dietary excess",15,0.658098221278143,1.6126344513327,0.0176308313891071,0.408251542628145,0.391705292357481,814,"tags=40%, list=9%, signal=37%","SLC25A25/GDF15/SORL1/ADRB1/RASAL2/ADRB2"
"GO:1905898","positive regulation of response to endoplasmic reticulum stress",32,0.555059084241882,1.57558438601385,0.0180435208635007,0.408251542628145,0.391705292357481,420,"tags=9%, list=5%, signal=9%","AGR2/FCGR2B/PMAIP1"
"GO:0032392","DNA geometric change",57,0.488407181078343,1.51792298798926,0.0174341175474021,0.408251542628145,0.391705292357481,1893,"tags=30%, list=20%, signal=24%","MCM2/RTEL1/MCM7/MNAT1/RECQL5/ASCC1/HELQ/NAV2/MTERF1/WRN/IGHMBP2/CHD8/CHD1L/FANCM/SUPV3L1/DDX3X/MCM4"
"GO:0045333","cellular respiration",166,-0.261642306599885,-1.27166751312248,0.0179540851796182,0.408251542628145,0.391705292357481,2695,"tags=51%, list=29%, signal=37%","NDUFS7/GHITM/ATP7A/MDH1/NDUFS1/STOML2/IREB2/NDUFB3/NDUFA3/NDUFB1/NDUFA5/SHMT2/CHCHD5/VCP/COX7C/PRELID1/SUCLG2/NDUFA4/TEFM/NDUFS6/DGUOK/CHCHD2/NDUFB7/NDUFB10/NDUFA9/NDUFB2/UQCR10/NDUFS3/NDUFA13/IL10RB/NDUFV2/PIK3CA/NDUFC2/NDUFA11/COX7A2L/IDH3G/COX7A2/CYC1/NDUFB9/SDHB/CHCHD10/COX5A/C2orf69/VPS54/SDHC/NDUFC1/COX6A1/UQCRB/TRPV4/COX4I1/UQCRFS1/SURF1/HIF1A/IDH3A/DNAJC15/UQCRC1/UQCRC2/MDH2/ACLY/PDHB/UQCC2/ACO1/NDUFS5/COX7B/SDHD/CS/COX6C/NDUFB11/OXA1L/BID/ISCU/NUPR1/MRPS36/SDHA/NDUFB6/SOD2/NDUFB5/ARL2/NDUFA7/CYCS/PPIF/SDHAF4/COX7A1/CISD1/SNCA"
"GO:0000027","ribosomal large subunit assembly",21,-0.497948637752746,-1.64163601219507,0.0181992713786086,0.409220485063336,0.392634963994264,2964,"tags=71%, list=32%, signal=49%","TRAF7/RRS1/RPL24/RPL10/RPL6/RPL38/RPL5/FASTKD2/BRIX1/RPL23A/PPAN/MRPL20/RPLP0/RPF2/DDX28"
"GO:0086004","regulation of cardiac muscle cell contraction",18,0.612545861195547,1.55705507851915,0.0184808833496387,0.409220485063336,0.392634963994264,1283,"tags=39%, list=14%, signal=34%","PDE4D/KCNJ2/DSP/ANK2/AKAP9/JUP/DSC2"
"GO:0007131","reciprocal meiotic recombination",21,0.589694765722496,1.54482516097883,0.0186284997435141,0.409220485063336,0.392634963994264,1829,"tags=33%, list=20%, signal=27%","RAD51B/RAD51AP1/SLX4/RMI1/RAD51D/EME2/FANCM"
"GO:0140527","reciprocal homologous recombination",21,0.589694765722496,1.54482516097883,0.0186284997435141,0.409220485063336,0.392634963994264,1829,"tags=33%, list=20%, signal=27%","RAD51B/RAD51AP1/SLX4/RMI1/RAD51D/EME2/FANCM"
"GO:0038093","Fc receptor signaling pathway",38,0.52019798151124,1.51517029894579,0.0185015555899021,0.409220485063336,0.392634963994264,3176,"tags=53%, list=34%, signal=35%","FCGR2B/PRKCE/NR4A3/PTK2/PLD2/YES1/VAV3/VAV2/FCGR3A/IKBKB/SOS1/MAPK8/TRAF6/MAP2K7/ABL1/FER/MAP3K1/MAP2K4/PLCG2/PTPRJ"
"GO:0009636","response to toxic substance",114,-0.282282982351822,-1.29143970664849,0.0185828540118513,0.409220485063336,0.392634963994264,1005,"tags=21%, list=11%, signal=19%","GSTK1/MT1X/BAX/NUPR1/MGST2/ALDH1A1/CYP1B1/SNN/SOD2/DHFR/PTGS2/CNP/GSTM3/SLC30A1/SRXN1/TXN/SRD5A1/MGST1/SESN2/ALAD/MT1E/MT1F/CDKN1A/CLIC2"
"GO:0006281","DNA repair",430,0.345398882834465,1.24063604271991,0.018812166460865,0.411341954604932,0.394670451335398,3018,"tags=36%, list=32%, signal=26%","RAD51B/RAD51AP1/PTTG1/MCM2/NEIL1/RTEL1/SPIDR/RAD9A/HERC2/SUPT3H/EGFR/EPC2/NABP2/GEN1/CEP164/MCM7/MNAT1/ERCC6/USP28/RNF169/SUPT7L/UVRAG/RECQL5/ASCC1/NYNRIN/RNF111/HELQ/RAD1/POLI/POLM/DOT1L/APEX2/CDK2/INO80E/ARID1B/PMS2/SLX4/ZFYVE26/WRN/POLA1/POLL/MMS22L/SMC1A/FAM111A/EYA2/ENDOV/SMARCD1/MMS19/RNF168/POLB/PRIMPOL/TAF6/ERCC6L2/FBXW7/AP5S1/HUS1/MTA1/SMARCAL1/FIGNL1/ZMYND8/RMI1/NFRKB/FZR1/TERF2/USP51/TAF6L/TOP3A/ALKBH3/RAD51D/EP400/UBR5/HUWE1/BRD8/PMS1/INO80C/RRM1/XPC/SHPRH/PARP4/RNF8/KAT2A/EEPD1/EME2/TAOK3/ERCC8/CHD1L/TRRAP/FANCM/NSMCE2/ALKBH1/OGG1/KDM2A/MCM4/EXO5/TAF5L/HINFP/SLC30A9/ARID2/USP45/PARG/HMCES/UIMC1/MSH3/POGZ/BRD7/CCDC117/BOD1L1/RFC1/SMG1/MCM9/NIPBL/INO80D/CETN2/IFFO1/EPC1/UVSSA/TOPBP1/HMGB2/ZBTB7A/REXO4/LIG1/FAN1/MCM3/CDC14B/KMT5B/INTS3/SMARCA4/KIF22/ABL1/GADD45A/SPRTN/TTC5/SETD2/BTG2/EYA3/EMSY/REV1/FTO/SMC5/MUTYH/TAF2/WDR33/DDB1/FAM168A/KDM1A/MCM5/TDP1/VCPIP1/DTX3L/ATXN7L3/SMARCE1/DMAP1/PARP10/ERCC3/POLK"
"GO:0099172","presynapse organization",18,-0.512862685686219,-1.59454740025177,0.0190017225676253,0.413572053856655,0.396810165673669,506,"tags=50%, list=5%, signal=47%","SDCBP/DVL1/VPS35/PTEN/ARF6/LRFN3/SNCA/C5AR1/DKK1"
"GO:0003341","cilium movement",37,0.526689926920166,1.53144371142003,0.0191513974508918,0.414917661286981,0.398101236243791,1907,"tags=41%, list=20%, signal=32%","SPAG16/ARMC2/TTLL3/DNAH1/MNS1/RFX3/INPP5B/CATSPER2/LZTFL1/NPHP3/STK36/ASH1L/KIF27/BBS4/VPS13A"
"GO:2000404","regulation of T cell migration",27,-0.484719199336088,-1.65541066932074,0.0196126747687732,0.422971063620621,0.405828237825373,301,"tags=15%, list=3%, signal=14%","CXCL12/FADD/ECM1/CCL21"
"GO:0035272","exocrine system development",20,0.603011179052665,1.57476599278722,0.0198535923445488,0.426220530196836,0.408946004991782,675,"tags=35%, list=7%, signal=33%","LAMA5/BMP7/EGFR/TNF/INSR/EDA/DAG1"
"GO:0032508","DNA duplex unwinding",52,0.502507384115767,1.54309598068836,0.0200114808057022,0.427666171245843,0.410333054863291,1893,"tags=31%, list=20%, signal=25%","MCM2/RTEL1/MCM7/MNAT1/RECQL5/ASCC1/HELQ/NAV2/WRN/IGHMBP2/CHD8/CHD1L/FANCM/SUPV3L1/DDX3X/MCM4"
"GO:0060444","branching involved in mammary gland duct morphogenesis",10,0.707986411453102,1.57969916127668,0.0206102082454346,0.431722153860527,0.414224650338115,694,"tags=30%, list=7%, signal=28%","LRP5/MSX2/BTRC"
"GO:0051932","synaptic transmission, GABAergic",16,0.628946481887482,1.55561863957592,0.0205481953772493,0.431722153860527,0.414224650338115,1419,"tags=44%, list=15%, signal=37%","SYN3/PRKCE/GABRA3/SLC38A1/PLCL2/CLN3/PLCL1"
"GO:0007431","salivary gland development",16,0.628817146922577,1.55529874609062,0.0205481953772493,0.431722153860527,0.414224650338115,1711,"tags=50%, list=18%, signal=41%","LAMA5/BMP7/EGFR/TNF/EDA/DAG1/POLB/HGF"
"GO:0045047","protein targeting to ER",33,-0.406747079338222,-1.47116168552641,0.0206583118298707,0.431722153860527,0.414224650338115,2453,"tags=64%, list=26%, signal=47%","SRP54/SGTB/SEC61A1/SRP72/SGTA/ZFAND2A/SSR3/SPCS3/SPCS2/SEC61B/VPS54/SRP19/SEC61G/SRPRB/TRAM1/HSPA5/CHMP4A/SPCS1/SRP9/UBL4A/HERPUD1"
"GO:0007162","negative regulation of cell adhesion",161,-0.251930863734886,-1.234431937537,0.0204097372961824,0.431722153860527,0.414224650338115,796,"tags=17%, list=9%, signal=16%","FBLN1/CYP1B1/MAD2L2/PPM1F/PTPN6/DLC1/PTPN11/SH2B3/RC3H2/GBP1/IL4I1/TNFAIP8L2/VEGFA/CXCL12/PDCD1LG2/FXYD5/SPOCK1/RGCC/CASK/IL10/MMP2/LGALS3/MAPK7/MDK/SERPINE2/CCL21/CD9"
"GO:0010755","regulation of plasminogen activation",11,-0.598520240712814,-1.63080458794976,0.0210307497879747,0.437039551255898,0.419326536023411,507,"tags=36%, list=5%, signal=34%","S100A10/PLAU/PLAUR/SERPINE2"
"GO:0007435","salivary gland morphogenesis",15,0.645589866598664,1.58198339798926,0.0210978229274497,0.437039551255898,0.419326536023411,1711,"tags=53%, list=18%, signal=44%","LAMA5/BMP7/EGFR/TNF/EDA/DAG1/POLB/HGF"
"GO:2000406","positive regulation of T cell migration",20,-0.493973807517089,-1.5942495882537,0.0212914990310518,0.437216304015903,0.419496125074041,301,"tags=15%, list=3%, signal=15%","CXCL12/FADD/CCL21"
"GO:0021602","cranial nerve morphogenesis",12,0.68020285696829,1.58986803129852,0.0212717060834451,0.437216304015903,0.419496125074041,946,"tags=33%, list=10%, signal=30%","EGR2/TFAP2A/EPHB2/PLXNA3"
"GO:0021987","cerebral cortex development",70,0.463676627829109,1.48490254447766,0.0216459029042835,0.442569694445589,0.42463254501226,2613,"tags=46%, list=28%, signal=33%","PLCB1/TACC2/LAMB1/ADGRG1/P2RY12/FUT10/TRAPPC9/EGFR/SYNE2/SLC2A1/SMO/PHACTR1/DISC1/TRA2B/SUN1/BNIP3/LHX2/NCOA1/CSNK2A2/SRGAP2/SLC38A2/BBS4/TSC1/GSK3B/NSUN5/CEP120/NDE1/WDR47/MECP2/PSEN1/PEX13/NF1"
"GO:0001562","response to protozoan",17,-0.537086146440244,-1.66352853467964,0.0220270514136499,0.442696867347525,0.424754563654033,1243,"tags=41%, list=13%, signal=36%","BATF2/BCL3/GBP1/BPGM/BATF/IL10/GBP2"
"GO:0071604","transforming growth factor beta production",23,-0.494753290005069,-1.64916107899684,0.0218416803455883,0.442696867347525,0.424754563654033,1501,"tags=52%, list=16%, signal=44%","HSP90AB1/HIF1A/ATP6AP2/TSKU/LILRB1/FN1/FURIN/PTGS2/COL3A1/ITGB8/LTBP1/LUM"
"GO:0050919","negative chemotaxis",14,0.653704077051269,1.57837769545396,0.0220070777821465,0.442696867347525,0.424754563654033,1985,"tags=57%, list=21%, signal=45%","UNC5C/SEMA6A/DPP4/PLXNA3/SEMA6B/ITGAV/SEMA4D/SEMA4B"
"GO:0034109","homotypic cell-cell adhesion",50,-0.35239472201568,-1.43007933907147,0.0218379699015771,0.442696867347525,0.424754563654033,911,"tags=20%, list=10%, signal=18%","C1QTNF1/ILK/MYL12A/PTPN6/SH2B3/PLPP3/MYL9/PLAUR/SERPINE2/CD9"
"GO:0046753","non-lytic viral release",13,-0.579187704492468,-1.65055517292488,0.0225196164513149,0.45067859533712,0.432412795820298,2959,"tags=77%, list=32%, signal=53%","CHMP3/CHMP4B/CHMP1B/ARL8B/CHMP2A/CHMP7/CHMP2B/CHMP6/CHMP4A/CHMP5"
"GO:0001895","retina homeostasis",27,0.579332574183939,1.59717934457704,0.0226625822206581,0.451626058346702,0.43332185858287,656,"tags=19%, list=7%, signal=17%","IGKC/SLC2A1/ERCC6/POC1B/CROCC"
"GO:0061564","axon development",215,0.376605250058515,1.32166293518984,0.0229780321666193,0.45598842824766,0.43750742360591,3043,"tags=41%, list=33%, signal=28%","AUTS2/EGR2/UNC5C/SEMA6A/SIPA1L1/TIAM1/IGF1R/FOLR1/AFG3L2/BMP7/MAPK8IP3/PTPRF/SMURF1/ALCAM/PTK2/CDH1/TRIO/NIN/CDKL5/SMO/SZT2/RTN4RL1/EPHB2/RPS6KA5/DAG1/EFNA1/DISC1/TIAM2/EXT1/OPHN1/PTPRM/PLXNA3/NREP/SEMA6B/KIF13B/NUMB/LHX2/ENAH/TCTN1/NR4A2/DIP2B/ARHGAP35/NOTCH1/BRAF/LAMB2/DNM2/C9orf72/LRIG2/NEFH/KLF7/GATA3/MACF1/KREMEN1/SEMA4D/SEMA4B/MYCBP2/TRAK1/USP33/EPHB3/FZD3/GSK3B/SOS1/PTN/WDR47/DOCK7/EFNB1/ULK1/NOTCH2/PSEN1/METRN/ABL1/SPAST/JAK2/RYK/SRF/MARK2/ZDHHC17/PUM2/ANAPC2/TTL/ULK2/NRP2/NRDC/LMO4/TAOK2/USP9X/SHTN1/SLC9A6"
"GO:0046519","sphingoid metabolic process",12,-0.632372291344623,-1.75084347110181,0.0234989774103525,0.464375189577804,0.445554273294727,1250,"tags=50%, list=13%, signal=43%","SPTLC1/SGPP1/PLPP1/SPTSSA/SPHK2/PLPP3"
"GO:0035194","regulatory ncRNA-mediated post-transcriptional gene silencing",55,0.492384398197266,1.52462463536722,0.0237025080627979,0.466445606585811,0.447540777238356,1158,"tags=22%, list=12%, signal=19%","XIST/MIRLET7BHG/MEG3/LIN28B/MIR34AHG/AGO3/RIPK1/AGO2/LIMD1/DGCR8/MOV10/TNRC6A"
"GO:0010830","regulation of myotube differentiation",16,0.621764811240682,1.53785569623624,0.0238032559586839,0.466484555572051,0.44757814763981,2400,"tags=50%, list=26%, signal=37%","HDAC4/BHLHE41/MTOR/PIEZO1/MAML1/NOTCH1/HDAC5/FBXO22"
"GO:0007008","outer mitochondrial membrane organization",13,-0.573254709372014,-1.63364746630223,0.0241377737922478,0.467224203363878,0.448287817841358,3092,"tags=77%, list=33%, signal=51%","TOMM20/TOMM40/TOMM5/MTX2/HSP90AA1/PDCD5/TOMM22/MTCH1/HSPA4/MTX1"
"GO:0045040","protein insertion into mitochondrial outer membrane",13,-0.573254709372014,-1.63364746630223,0.0241377737922478,0.467224203363878,0.448287817841358,3092,"tags=77%, list=33%, signal=51%","TOMM20/TOMM40/TOMM5/MTX2/HSP90AA1/PDCD5/TOMM22/MTCH1/HSPA4/MTX1"
"GO:0033687","osteoblast proliferation",15,0.636426702639648,1.55952955537771,0.0239654034788385,0.467224203363878,0.448287817841358,2626,"tags=53%, list=28%, signal=38%","LRP5/IGF1R/SMAD3/FIGNL1/ITGAV/EIF2AK2/BMP2/ABL1"
"GO:0021795","cerebral cortex cell migration",28,0.562666675686534,1.5585945930608,0.0249960489587238,0.476033625935695,0.456740198502996,1003,"tags=29%, list=11%, signal=26%","LAMB1/ADGRG1/P2RY12/FUT10/EGFR/SYNE2/DISC1/SUN1"
"GO:0098754","detoxification",67,-0.332768777407453,-1.39318430099134,0.0248717263839748,0.476033625935695,0.456740198502996,1005,"tags=24%, list=11%, signal=21%","GSTK1/MT1X/MGST2/ALDH1A1/SOD2/DHFR/PTGS2/GSTM3/SLC30A1/SRXN1/TXN/MGST1/SESN2/MT1E/MT1F/CLIC2"
"GO:0007409","axonogenesis",184,0.393619255666391,1.36961559207105,0.0248518868395147,0.476033625935695,0.456740198502996,3043,"tags=42%, list=33%, signal=29%","AUTS2/EGR2/UNC5C/SEMA6A/SIPA1L1/TIAM1/IGF1R/AFG3L2/BMP7/SMURF1/ALCAM/PTK2/CDH1/TRIO/NIN/CDKL5/SMO/SZT2/EPHB2/RPS6KA5/DAG1/EFNA1/DISC1/TIAM2/EXT1/OPHN1/PTPRM/PLXNA3/SEMA6B/KIF13B/NUMB/LHX2/ENAH/TCTN1/NR4A2/DIP2B/ARHGAP35/NOTCH1/BRAF/LAMB2/DNM2/C9orf72/NEFH/KLF7/GATA3/MACF1/SEMA4D/SEMA4B/MYCBP2/TRAK1/USP33/EPHB3/FZD3/GSK3B/SOS1/WDR47/DOCK7/EFNB1/ULK1/NOTCH2/PSEN1/METRN/ABL1/SPAST/RYK/SRF/MARK2/ZDHHC17/ANAPC2/TTL/ULK2/NRP2/NRDC/LMO4/TAOK2/USP9X/SHTN1/SLC9A6"
"GO:0120039","plasma membrane bounded cell projection morphogenesis",288,0.36573184292342,1.29892445812419,0.0249067418994768,0.476033625935695,0.456740198502996,3073,"tags=42%, list=33%, signal=29%","AUTS2/EGR2/UNC5C/SEMA6A/SIPA1L1/TIAM1/KANK1/TNIK/IGF1R/AFG3L2/BMP7/SMURF1/ALCAM/PTK2/CDH1/TRIO/NIN/CDKL5/SMO/SZT2/PARP6/PRKCZ/PHACTR1/EPHB2/RPS6KA5/DAG1/CAPRIN2/EFNA1/DISC1/TIAM2/SLC23A2/EXT1/OPHN1/SYNE1/PTPRM/WEE1/PLXNA3/RERE/SEMA6B/TANC2/KIF13B/MOV10/NUMB/SPAG9/DOCK10/RREB1/LHX2/OBSL1/ENAH/TCTN1/NR4A2/DIP2B/CUX1/ARHGAP35/NOTCH1/BRAF/MINK1/SLC11A2/LAMB2/FBXW8/RAPGEF2/SRGAP2/DNM2/SYT1/C9orf72/TAOK3/NEFH/KLF7/GATA3/MACF1/SEMA4D/SEMA4B/MYCBP2/TRAK1/USP33/EPHB3/MYO9A/MYO9B/FZD3/GSK3B/SOS1/CUL7/PTN/WDR47/DOCK7/SNX1/ARHGEF7/EFNB1/ULK1/NOTCH2/MECP2/NEDD4/PSEN1/METRN/WASF2/DTNBP1/ABL1/SPAST/RYK/NEK3/KIDINS220/SRF/MARK2/ZDHHC17/ANAPC2/TTL/ULK2/LRRK2/CXCR4/NRP2/NRDC/DIP2A/LMO4/TAOK2/USP9X/EEF2K/SHTN1/SLC9A6/NEDD4L/PLAA"
"GO:2001242","regulation of intrinsic apoptotic signaling pathway",135,-0.271758182090808,-1.23864910327589,0.0251447099398773,0.476941626690925,0.457611398398527,1730,"tags=26%, list=19%, signal=21%","VDAC2/TMEM161A/BCL2L1/UBQLN1/IVNS1ABP/CLU/HNRNPK/RRM2B/HIF1A/NONO/EIF2AK3/CDKN2D/CTNNB1/S100A8/BAX/BID/NUPR1/CD44/TRIAP1/ARMC10/DDIT3/SOD2/DNAJA1/PTGS2/NOC2L/TRIM32/EIF5A/PPIF/HERPUD1/CXCL12/MYC/PLAGL2/IL10/MAPK7/PLAUR"
"GO:0000338","protein deneddylation",10,-0.610578473071494,-1.59716090789578,0.0258061972500668,0.481181500072492,0.461679431630671,1805,"tags=60%, list=19%, signal=48%","COPS6/COPS2/COPS4/COPS5/COPS7A/COPS8"
"GO:0051784","negative regulation of nuclear division",31,0.550806978320331,1.55218782581882,0.0259471912378344,0.481181500072492,0.461679431630671,817,"tags=19%, list=9%, signal=18%","TEX14/RPS6KA2/BMP7/ZWINT/GEN1/RAD1"
"GO:0030317","flagellated sperm motility",25,0.567387640109483,1.53408811159339,0.0261554034250556,0.481181500072492,0.461679431630671,1084,"tags=32%, list=12%, signal=28%","SPAG16/ARMC2/TTLL3/DNAH1/MNS1/INPP5B/CATSPER2/LZTFL1"
"GO:0097722","sperm motility",25,0.567387640109483,1.53408811159339,0.0261554034250556,0.481181500072492,0.461679431630671,1084,"tags=32%, list=12%, signal=28%","SPAG16/ARMC2/TTLL3/DNAH1/MNS1/INPP5B/CATSPER2/LZTFL1"
"GO:1904950","negative regulation of establishment of protein localization",71,-0.327595644043252,-1.39209393766228,0.0255978954632365,0.481181500072492,0.461679431630671,1000,"tags=21%, list=11%, signal=19%","ITGB1BP1/PSMD9/PPM1F/JAGN1/PTPN11/DERL2/UFM1/UCP2/DNAJA1/CDK5/CHP1/TXN/NDFIP2/PKIG/IL1B"
"GO:0048880","sensory system development",167,0.39513143686756,1.36969978281595,0.0258264462809917,0.481181500072492,0.461679431630671,1905,"tags=29%, list=20%, signal=24%","LRP5/TULP3/HSF4/IFT172/P2RY12/SLC25A25/RDH13/BIRC7/TFAP2A/BMP7/TENM3/C3/EGFR/JAG1/RBP4/CEP290/FBN2/PROX1/TTLL5/EPHB2/CELF4/RING1/FBN1/IFT122/CDKN1C/ZHX2/SMAD3/ACVR2B/PHACTR4/PTPRM/WDPCP/SIPA1L3/AGTPBP1/SCAPER/LHX2/CHD7/HIPK2/TMEM135/HES1/ARHGAP35/NOTCH1/FZR1/BCAR3/LAMB2/RRM1/BBS7/VHL/BBS4/GATA3"
"GO:0150063","visual system development",167,0.39513143686756,1.36969978281595,0.0258264462809917,0.481181500072492,0.461679431630671,1905,"tags=29%, list=20%, signal=24%","LRP5/TULP3/HSF4/IFT172/P2RY12/SLC25A25/RDH13/BIRC7/TFAP2A/BMP7/TENM3/C3/EGFR/JAG1/RBP4/CEP290/FBN2/PROX1/TTLL5/EPHB2/CELF4/RING1/FBN1/IFT122/CDKN1C/ZHX2/SMAD3/ACVR2B/PHACTR4/PTPRM/WDPCP/SIPA1L3/AGTPBP1/SCAPER/LHX2/CHD7/HIPK2/TMEM135/HES1/ARHGAP35/NOTCH1/FZR1/BCAR3/LAMB2/RRM1/BBS7/VHL/BBS4/GATA3"
"GO:0048812","neuron projection morphogenesis",275,0.363329687212895,1.28789789247095,0.0261832829808661,0.481181500072492,0.461679431630671,3073,"tags=41%, list=33%, signal=29%","AUTS2/EGR2/UNC5C/SEMA6A/SIPA1L1/TIAM1/TNIK/IGF1R/AFG3L2/BMP7/SMURF1/ALCAM/PTK2/CDH1/TRIO/NIN/CDKL5/SMO/SZT2/PARP6/PRKCZ/PHACTR1/EPHB2/RPS6KA5/DAG1/CAPRIN2/EFNA1/DISC1/TIAM2/SLC23A2/EXT1/OPHN1/SYNE1/PTPRM/WEE1/PLXNA3/RERE/SEMA6B/TANC2/KIF13B/MOV10/NUMB/SPAG9/DOCK10/LHX2/OBSL1/ENAH/TCTN1/NR4A2/DIP2B/CUX1/ARHGAP35/NOTCH1/BRAF/MINK1/SLC11A2/LAMB2/FBXW8/RAPGEF2/SRGAP2/DNM2/SYT1/C9orf72/TAOK3/NEFH/KLF7/GATA3/MACF1/SEMA4D/SEMA4B/MYCBP2/TRAK1/USP33/EPHB3/MYO9A/FZD3/GSK3B/SOS1/CUL7/PTN/WDR47/DOCK7/EFNB1/ULK1/NOTCH2/MECP2/NEDD4/PSEN1/METRN/DTNBP1/ABL1/SPAST/RYK/NEK3/KIDINS220/SRF/MARK2/ZDHHC17/ANAPC2/TTL/ULK2/LRRK2/CXCR4/NRP2/NRDC/DIP2A/LMO4/TAOK2/USP9X/EEF2K/SHTN1/SLC9A6/NEDD4L/PLAA"
"GO:0018022","peptidyl-lysine methylation",37,0.516637314069811,1.50221396931534,0.0263106183009301,0.481647481532143,0.462126527072641,3030,"tags=65%, list=33%, signal=44%","AUTS2/SMYD3/KANSL3/SMYD2/SETD1B/EHMT1/DOT1L/KANSL1/SETBP1/ASH1L/KMT2A/EHMT2/SETD1A/VCPKMT/OGT/MECP2/SETD3/RBBP5/SETD2/KMT2B/HCFC1/SETDB2/SETDB1/WDR5"
"GO:0070071","proton-transporting two-sector ATPase complex assembly",10,-0.607290628325911,-1.58856051117288,0.0268461789491897,0.485860958366412,0.466169233597603,1181,"tags=60%, list=13%, signal=52%","ATPAF1/TM9SF4/OXA1L/CCDC115/TMEM199/TMEM70"
"GO:2000232","regulation of rRNA processing",14,-0.543381840438673,-1.58299623724651,0.0270551412344625,0.485860958366412,0.466169233597603,1539,"tags=43%, list=17%, signal=36%","TRMT112/USP36/KAT2B/RIOK2/RIOK1/METTL18"
"GO:0051151","negative regulation of smooth muscle cell differentiation",10,0.698481532200507,1.55849133928961,0.0267049532858585,0.485860958366412,0.466169233597603,2509,"tags=80%, list=27%, signal=59%","FOXO4/NFATC3/DNMT1/NFATC1/PDGFB/ANKRD17/PDCD4/MECP2"
"GO:1902176","negative regulation of oxidative stress-induced intrinsic apoptotic signaling pathway",20,-0.478292686325366,-1.54364038464244,0.0269914800301465,0.485860958366412,0.466169233597603,1402,"tags=30%, list=15%, signal=26%","HIF1A/NONO/CTNNB1/SOD2/IL10/MAPK7"
"GO:0034284","response to monosaccharide",97,0.431033414925116,1.42710534770669,0.0269396551724138,0.485860958366412,0.466169233597603,1522,"tags=22%, list=16%, signal=18%","PLCB1/LRP5/PRKCE/TIAM1/IGF1R/RASAL2/TNF/STXBP4/ZBTB20/TCF7L2/ACVR2B/SLC2A5/SLC12A6/TRA2B/GCLC/PRKCB/SIDT2/EGR1/UNC13B/RMI1/NADK"
"GO:0035036","sperm-egg recognition",15,-0.538682677973865,-1.60824181045538,0.0273579972930572,0.488539462373754,0.46873917904967,1893,"tags=67%, list=20%, signal=53%","CCT4/VDAC2/FOLR2/CCT2/CCT5/LY6K/CCT8/TCP1/CCT7/CD9"
"GO:0071294","cellular response to zinc ion",11,-0.584631593618953,-1.59296180860764,0.0274111703428001,0.488539462373754,0.46873917904967,964,"tags=36%, list=10%, signal=33%","TSPO/MT1X/MT1E/MT1F"
"GO:0046688","response to copper ion",17,-0.515401212729563,-1.5963633206084,0.0277995759779097,0.489915661730103,0.470059601668898,1137,"tags=35%, list=12%, signal=31%","DAXX/MT1X/MT1E/SNCA/MT1F/AOC1"
"GO:0071634","regulation of transforming growth factor beta production",21,-0.474678587311878,-1.56491935928539,0.0277085874611983,0.489915661730103,0.470059601668898,1501,"tags=52%, list=16%, signal=44%","HSP90AB1/HIF1A/ATP6AP2/TSKU/LILRB1/FN1/FURIN/PTGS2/ITGB8/LTBP1/LUM"
"GO:0070509","calcium ion import",20,-0.476511305333096,-1.53789116095845,0.0276620672886874,0.489915661730103,0.470059601668898,490,"tags=35%, list=5%, signal=33%","CTNNB1/CDK5/SLC30A1/SPHK2/CXCL12/CASK/LGALS3"
"GO:0006754","ATP biosynthetic process",64,-0.340580519051652,-1.4335753259201,0.0282258509434335,0.495578788125785,0.475493204114581,2918,"tags=59%, list=31%, signal=41%","NDUFV1/COX11/TMSB4X/NDUFA8/NDUFS7/NDUFS1/STOML2/NDUFB3/NDUFA3/NDUFB1/NDUFA5/VCP/ATP6V0C/NDUFS6/NDUFB7/NDUFB10/NDUFA9/NDUFB2/NDUFS3/NDUFA13/NDUFV2/NDUFC2/ATP6V1A/NDUFA11/TGFB1/NDUFB9/SDHB/SDHC/NDUFC1/NDUFS5/SDHD/NDUFB11/LIPA/SDHA/NDUFB6/NDUFB5/NDUFA7/SPHK2"
